Sample_ID,Latitude,Longitude,Soil_Depth_cm,pH,Ni_ppm,Co_ppm,Zn_ppm,Cu_ppm,Pb_ppm,Cd_ppm,Mn_ppm,Fe_ppm,Soil_OM_percent,Soil_Moisture_percent,Sand_percent,Silt_percent,Clay_percent,CEC_meq_per_100g
USGS_SOIL_00000,33.9889628523367,-115.0328312787423,5,2.7508914276896403,1045.1713820026796,2.6011216028707653,28.5304425527824,96.78178341430882,45.74541455437355,0.9762873529724707,620.5512364625934,1124.3328042897376,4.97784678224708,26.005626824913694,61.729138031778774,18.931297084659434,17.453591887165327,11.627170327045052
USGS_SOIL_00001,47.81714335383799,-108.56316999711444,20,9.936413858886112,207.64491551375147,1.601586293014711,43.93980168007565,19.869335959884552,106.02645767349013,10.000230639273843,789.3045476640476,37285.39281341722,6.262873895257598,29.78807449587743,49.01884649606909,43.34506133337838,15.6670338935265,17.643497791435365
USGS_SOIL_00002,42.56785460347372,-114.55638142767194,15,4.415641299854606,62.53838636331057,1.241674933102123,51.52383848993485,2.0059650607883865,27.561989845871953,10.037554705573164,729.8397790727097,3108.4066307595467,5.664151797922045,26.940352855558146,49.79745133110535,24.528082111175088,19.3038782134549,35.17062006455059
USGS_SOIL_00003,39.36780362072888,-119.76655050833372,5,4.031901879564662,3.0540284994155305,64.65287422620257,17.937342526655037,450.94597944253667,1.6397640986664903,7.106731876158237,165.45016038975425,572.1418399140186,9.067501457354192,34.67999860484826,33.39900518405824,17.48643817760713,15.335017349405614,19.851834892869647
USGS_SOIL_00004,28.744447370618477,-117.88248360506455,15,8.03385564801446,35.06093407651024,4.740321258479486,1713.282044456045,309.02349566173575,20.51193700369651,1.3589138946821213,500.01531771362016,15393.416863111868,5.789930873642896,13.176429436790873,45.50459756100666,25.69003799780187,23.89393201726448,37.049197251807314
USGS_SOIL_00005,28.743868488068863,-97.81405268606918,5,10.159628609508909,11.967039094331865,121.5823200790727,88.43706766750881,72.43267885530607,186.5824515515608,6.0463684010193735,70.374430712996,3467.12731192587,9.53021245280425,31.249684850732645,38.548020450363325,27.613944682853727,21.578507298322133,22.42783186884622
USGS_SOIL_00006,26.394006692036786,-112.82631061405824,10,8.576409227765778,2718.1231194500015,5.453719240750611,300.3684647092299,96.20867219147279,26.172861605710963,1.0836474053835645,5140.180439007778,8277.935810547564,6.702354565605352,27.998679955234586,55.75182522281324,32.68413273694562,26.188380920856144,18.959281519391453
USGS_SOIL_00007,45.788227498598445,-103.50807819816355,15,7.34586368007854,39.78164152358345,0.9407884898042232,47.4320076255281,372.0055674203529,28.688888154381353,3.3091259593006455,421.8124950012574,12947.099979611874,8.334469743157717,15.865362726744383,35.13363297002579,32.50951020712043,11.592470670488316,31.263612448174555
USGS_SOIL_00008,39.42676028183701,-95.29838101956344,15,7.392131512497929,68.15391833347806,2.2823676338799497,3.891494985749676,95.48254451616317,263.87558170310456,15.414301096788922,319.47237965753055,4471.8016718199815,5.963369057273623,27.02373630970906,69.94691547807614,21.71819436126492,17.277276136936774,7.561128456880073
USGS_SOIL_00009,41.99374186710509,-84.26670511086745,20,7.780123338170462,147.32980967238964,77.76701970100449,254.7072169751513,283.2778130342807,12.40932481158131,11.658579100602418,7211.343076889675,1464.56124660744,8.973647510856427,8.12227869254741,24.86629325563858,36.85656392513711,18.194218947102918,8.131743404384608
USGS_SOIL_00010,25.49402786309926,-122.68058374937516,15,7.638392884680147,,9.642233118527797,3.2397301819495814,41.43096211986548,2.781399469031922,4.564091732980094,103.19601104917496,9612.85028001064,7.856230293527417,28.68000447021657,37.90220251315158,23.60806466249842,23.64517528070876,27.819079987303624
USGS_SOIL_00011,48.277836451887865,-77.83478646436649,15,6.921787135954064,1154.118205319765,5.352528442095852,129.37716624848048,544.1222695037261,33.477179068363924,1.3912910220074874,122.93052138077056,2983.661775673269,5.791068113260163,20.96991807761308,75.15800764949145,28.43723663294957,13.654230422343725,22.04292496337369
USGS_SOIL_00012,44.97862337921012,-87.95387702003644,10,6.656301655927814,17.800581919634936,15.487408497393279,9.615437908740137,111.41446444646911,18.69931491732485,9.72505217578144,128.46667249712593,6788.799374629643,9.392291867872721,13.768705181277594,43.472918780569486,36.86774070503355,27.325230434066754,32.66453376117236
USGS_SOIL_00013,30.096138656278626,-120.17621711501656,15,6.4061103081507165,77.50119994703891,25.8593982682716,7899.478301278051,90.9657543413635,7.851908509264016,4.587143436001427,600.758442299464,224.87019203940037,6.194388581031283,24.673319053525404,30.27682003393382,23.581785960556587,29.49132472414087,37.0694793070236
USGS_SOIL_00014,29.363799212970413,-73.45886117770014,10,5.369053116699986,14.34717337919491,65.11130720086838,918.4848813336101,8.739930678032403,32.600211607602816,0.27682251509748024,1270.8578761690528,5096.850405611169,6.601170365435674,24.24859996143227,53.28607343806503,24.306485764188626,12.08902121891533,18.592840718504164
USGS_SOIL_00015,29.401708236482413,-70.66852836862302,10,6.078987384699839,5.073137587805577,106.99144145269281,183.37029577272725,105.54415190972135,108.27888475402268,11.463359192392895,2017.295843431154,1385.3346442401914,7.968482210536053,11.284586681587992,42.86911636678187,35.916680496931306,16.073016840851473,25.87435093046262
USGS_SOIL_00016,32.30181383102891,-121.39640036856304,10,3.960564778706922,18.152633314232496,7.101791181511446,1858.2925389957284,17.61713718523842,43.960020205889414,4.353240887695281,31507.88075565501,21676.23037219654,6.1213690041561115,5.911922444345784,37.46194616572541,21.422668233949807,15.744547933663261,22.524381972835847
USGS_SOIL_00017,37.59415435917371,-108.66421875931498,10,6.352490559807875,51.076972790012356,1.6668380873331623,27.313143823648044,24.016657150712554,77.67752257978223,18.971569142507374,22.77927926768806,6296.220536181853,3.8039559662909186,18.008677607050217,33.56193783801924,26.152079763959293,41.05908963741999,39.35637294748515
USGS_SOIL_00018,35.36668044741078,-77.43412449220938,5,5.017113339273624,25.210384573141365,6.552209089215994,440.0809808395076,18.090718101994412,1169.268779149727,1.2040313411323251,1657.5624253216142,3975.1958448490227,9.512033873511111,22.085356080332637,91.52560408438914,35.557421780428925,16.560799158336906,34.08795425748083
USGS_SOIL_00019,31.989499364753005,-80.85267826736415,20,4.844616024176344,15.69970992748263,18.000882057218064,221.32248973287594,12.109909797744397,24.11461405880183,0.09905851173243675,288.38723446731046,5343.157193706222,5.598724949936699,31.29815835111795,46.22672149723795,50.54092441435975,33.42100353724908,36.910819789707375
USGS_SOIL_00020,39.6844694733371,-114.11325985797373,5,6.769841226730218,4.34327453768942,2.870142300746701,251.6502338949356,1997.465178258973,73.77556228062188,6.264511610075965,275.99348949890305,899.5287153383767,4.659924313167609,32.846503869427835,21.116489595006843,36.05404504762747,9.866944039147123,13.901903065216146
USGS_SOIL_00021,28.347852655649003,-112.64838992313409,15,8.588003429516899,47.012332893044444,2.898732659931787,1890.708679012915,561.2365639059755,17.875229851481862,6.3590335739113915,262.52381654708876,20908.43674760976,8.174878728264835,20.864156544702993,72.40564638508302,34.72639762990012,12.082792270685093,32.0384248106908
USGS_SOIL_00022,32.01147156484524,-103.14214593530846,5,7.877474909003469,3.638251928028874,20.402997418270175,642.2542193199424,1440.273065526788,9.74303337723923,0.5893082113696122,170.17809286581917,32521.10369675004,7.264607251004928,27.614104513056347,59.16606357665856,35.30801583672729,14.507163745214394,14.291562874917712
USGS_SOIL_00023,33.7926842390486,-96.41314387372974,5,4.144249094565234,214.45517338523217,11.32509967488056,264.3958271855416,9.425021068451995,15.598366915129004,1.3851390683507516,8323.07662321475,4776.657020215994,7.052062817307333,18.179098169839907,38.50300353470318,19.268097259329508,13.23448550842782,12.305988669993646
USGS_SOIL_00024,35.94567962120886,-88.52296847971255,15,5.015557795144494,63.33205222630682,12.796804522991597,5.420700916855378,74.73929563861775,18.882481194087237,122.27361659317872,2352.9990630202715,20100.18468449657,7.640971688466464,27.38246469718679,36.003213669707876,31.15596738679908,17.85681012673201,38.04931558794428
USGS_SOIL_00025,43.844223073432325,-103.23409526538343,15,7.911156781982324,3.960646624546674,3.9049969332416565,21.756387866822486,8.41813072687347,85.37526617352923,3.1057873652042036,688.691877027966,1505.7135156213067,8.914619256913529,11.144045748175007,60.10209194237346,29.702335116635982,14.329774378228015,5.675654585125333
USGS_SOIL_00026,29.792170771800635,-97.71045174814427,15,5.0262689096925355,31.293914737434473,8.622705759986824,116.11512232533185,21.90879592252876,3066.635821344976,10.774161044417042,5046.870507704775,1145.3479090457254,8.062543950703976,16.13194204410594,46.29622508765818,33.21584540372756,13.445267258123412,38.788604628220035
USGS_SOIL_00027,37.34162652192668,-80.89921465010836,5,6.163050275004463,14.099205805362558,3.045454903493105,178.88528751811063,15.348178868917666,12.31874165755554,2.052807168962243,68.80019312960339,3131.0061904574513,4.0422981095047135,24.026839964408445,21.11033272332348,31.165080524758707,29.26777597178662,10.224166394608218
USGS_SOIL_00028,39.217949652689015,-122.83569102945472,5,7.325078148536828,96.98090648379487,46.3072074149708,15.480676219723417,484.60513771964065,21.116916516176325,0.3648155197094201,90.3727065397694,5023.736437290252,3.483032198352923,5.544738968212365,76.80859946907003,33.79699677417113,29.79034898010532,33.68033286276439
USGS_SOIL_00029,26.114809905279945,-110.10622028370278,15,5.047483317704547,609.6047539653755,57.562654732243274,18459.849424240118,35.37596076528175,39.90008987500825,3.653516410082028,25.356837098698655,1857.9257987855397,8.727248613745505,26.67383931016862,43.490143066760645,26.885328051007985,27.594371987002525,14.657289357383608
USGS_SOIL_00030,39.58107644563452,-82.9123744328114,20,6.65806325921894,1.8676660591570493,0.7639279554913551,3080.3179787946506,368.4875531207764,91.14374974459759,3.2585246371762246,232.9626615381837,5683.496074495514,9.933597975360339,30.066065038045004,72.4335760472364,30.586089173717927,24.191991644674623,17.27458146007546
USGS_SOIL_00031,29.092578968494998,-72.18279657645525,20,4.498961757622693,67.15792547683462,3.0214405159884388,494.84107023632737,175.31658967189105,71.83641078543599,2.773599995033252,847.7177937850845,4305.581049009851,8.166893250664542,16.974249832818543,69.17652436948572,17.72171433943008,20.74194452623642,12.586519896269474
USGS_SOIL_00032,26.56123823164671,-94.8110309151757,10,5.597948534073179,40.92581215334103,1.290727634835772,171.4126354573275,2659.3100897191844,450.9571974426096,3.9056764596476374,776.1050361590486,899.6734549479313,6.688321591742876,18.438272515314928,34.984856832757785,26.800927219970863,16.02375447467273,25.492991486837788
USGS_SOIL_00033,47.77325289408,-93.60530436934638,15,6.979672901213806,182.80356072107497,4.594978599214136,97.08453173602723,6.2519239162313625,0.5669377741957591,6.1541209215950134,832.1501277825381,5555.543965945431,7.504466266659039,30.53846636649593,65.49784796544722,43.908335481766436,12.374739961959264,17.18334416277559
USGS_SOIL_00034,48.175168793789425,-118.67685133095321,10,4.1105093997024955,80.13830310313955,10.749325896599942,22.11294270706618,500.0825494320021,0.6086732038688855,3.7428960567355447,80.11112660877914,8402.07426809741,7.080396394760079,28.269639059781003,40.22836175204478,33.18808339628256,22.9039656274615,28.008756382313212
USGS_SOIL_00035,44.40153635479507,-98.60267035741617,20,7.160712106940599,14.103954271726476,1.3847673822127278,173.28905477244354,417.5087042769659,18.30948607655367,0.9833330548332585,2218.8229108700934,3661.994345415004,7.632037634096845,13.64448467100125,21.99949119794087,29.790789626169232,10.610956859625617,5.547656127972309
USGS_SOIL_00036,32.3107304601609,-93.57558127915364,10,6.470543301609978,30.744247875653528,3.0563160342678164,248.51546581633178,14.049599066167383,322.18964686083575,8.03190511794165,952.8345485039735,11886.727540403946,7.9955501829120665,14.719283196846169,43.63102750966786,48.96123276254347,12.048632566596854,7.253120923026387
USGS_SOIL_00037,27.34413073615321,-110.69424028555095,15,7.328734931625721,13.028684904388706,2.7021937466679535,12.38491065611414,334.0909757448884,2.6693461188436376,0.4320361099487756,1997.3596696852821,691.674485177343,7.166844317894362,25.3663469717179,55.96456252664419,16.39165021698921,29.223306049638477,8.488140345593703
USGS_SOIL_00038,41.42159263629176,-109.11464937398652,15,6.835871201096992,378.7259473564316,16.62489040098804,289.55719274818733,114.18637031482153,0.1991417868062901,0.38272867977425906,38.89465095613199,5226.726780588329,6.627080646467055,21.895942773444837,43.05895028005493,18.905444445537803,35.205192333776694,19.664778985858085
USGS_SOIL_00039,35.56365984975043,-102.74023437682726,15,8.546210644960766,56.733278877207475,13.51792395979052,108.7967978377616,46.34150445577952,124.97615151182522,10.880983076500144,1061.2856061409093,731.9140963223895,8.631649310442707,9.866887132894908,45.394274886123476,47.127114112762726,23.146361105331845,33.51786604309916
USGS_SOIL_00040,27.92891763627469,-123.81579933111415,5,6.687836753971861,1672.6144737528243,4.126351778549005,3.2686755891068815,17.844640674960992,69.30957074613154,8.23525498369931,111.98356731442794,782.9762552034346,6.402207834695785,14.297897276874993,67.1534906739292,30.45960936048934,28.851657218357154,36.0862268632434
USGS_SOIL_00041,36.88424584267048,-105.99732923059248,10,5.855891688312121,48.95054658644478,15.882713367740985,26.555316658754965,21.10320400814251,6.281600896139536,4.183405224540555,366.50608389414674,1398.1189423153528,6.6652114726376235,31.999498306359623,51.59740970435138,27.574169637102063,18.033213460448135,13.568375902131526
USGS_SOIL_00042,25.82532450676524,-112.52456758720386,20,6.683446254548426,15.254397460642918,5.365447980302755,64.89619109486318,1771.7080376029687,7.583908641787269,0.8398447667539354,1482.5922396945068,962.4939493098993,8.391268910116445,25.645233101667902,37.350525330725716,18.00795674904357,9.298606511298527,25.10294034836549
USGS_SOIL_00043,46.82368964989077,-105.67765622150304,20,7.314947043554582,3.579825632772298,8.105293238719748,6472.87284650992,66.7592263587821,7.802633497975127,1.9165120075859445,762.5288999856704,1544.4220126762575,8.790217848091558,34.579229530565584,60.5304548550099,34.47696266395012,24.89737294894867,31.892774744241017
USGS_SOIL_00044,31.210719558400406,-117.93403422266418,20,6.573290105488557,,149.93144187489642,451.73975424331115,233.08612080206285,54.54159226594656,3.269718523540419,185.43233235167455,2305.423402187288,8.66903627507175,28.01037589942308,52.96513350431368,35.44459869527462,24.554314586160512,15.109030047186303
USGS_SOIL_00045,40.900534824495566,-72.4588904363462,5,6.560887536805824,3.1536335707987777,90.98471975938153,10.268047220497886,18.813242107991123,14.4780325320973,0.6602922345826764,671.4299784984483,8140.3249927403085,8.048009191968934,33.25923296430771,12.175927978069353,19.055056391651036,20.573348431041953,19.315270785769563
USGS_SOIL_00046,32.481065826145866,-89.97804524031113,5,5.447012468289866,,1.734342093418573,392.3179385707576,19.148708767052682,108.77864680274351,1.8462667188085768,66.8664286401326,2027.6021228069947,8.238885908443171,11.485657216114262,56.42529370657173,28.59724414449572,18.06099633515911,23.33909709399999
USGS_SOIL_00047,37.48163250826746,-84.93296317047512,15,5.5056486236735775,136.41545450502986,42.29202892555907,6.7220423004715215,376.5970168038595,0.26228384252425696,9.80405823736582,3734.6190355379963,444.63296846630266,6.318173064337346,28.144546244507772,55.877430615741524,26.64484167966934,27.697684628648783,9.72061962428167
USGS_SOIL_00048,38.12104670423871,-78.43889692216703,20,4.39609209230046,3.1703967454214372,41.144688067759176,1293.855898755242,7.695825673368704,9.560754463924722,24.847730916022613,488.8589346972561,11708.629532462315,4.952859942072544,5.606525604433923,50.3018169437129,32.55977146418771,12.114135732580205,5.909380280402311
USGS_SOIL_00049,29.436506932612648,-95.59191026318562,5,9.12436511478041,273.4363758419796,2.17625403644872,57.84405579702594,34.317587276647686,5.889098149233807,2.709267482816238,3561.1005395069196,1091.700487308492,3.4652184216003565,25.12280065134602,63.375508716043626,18.807497577793562,13.809755368874738,10.348203326139913
USGS_SOIL_00050,48.270031066349404,-119.871703002842,15,4.6342051469130725,22.885192986911015,41.60275810341491,123.0668400137045,70.41764406709208,28.179275007220234,11.109338102891233,301.9321941114057,2778.1360257670804,8.42468951376209,19.07846834360724,39.91409623510246,42.51947454513157,11.935147945916576,26.93987674387367
USGS_SOIL_00051,43.60318776066675,-93.31071403270568,20,5.460642203306139,71.10996072443342,122.35147894272221,2103.9952054666073,79.69414841351151,16.971136272392716,0.45073662743470094,303.2737968295304,5094.128129920874,7.5712006864213555,15.402802157602059,55.04749683231351,39.158237815976044,20.679783701086617,7.576639153678858
USGS_SOIL_00052,47.54797459754054,-90.37637403676814,10,5.422389101646203,994.2583982384938,2.261849385083595,11.309836828453323,50.07143791249571,187.93925592022413,9.888193694181531,211.39318174269607,3787.7691200170734,6.061866368372596,30.872130568792674,26.495609432489708,26.36824441267184,11.296855903125934,11.639372769754491
USGS_SOIL_00053,46.475856410263575,-81.01907102312452,15,7.842386565416662,274.3242411306159,3.0763559655803046,9.077180527254598,125.62630285611058,1.5733290854689335,1.7078954854865942,2475.6565128357875,11081.313021500246,7.928134019355718,30.62803077972592,56.10635575098247,27.83581288361629,14.526062555878053,16.82488599933563
USGS_SOIL_00054,39.349599491466044,-99.53208677244892,5,6.057575482561958,33.67126603588649,56.063904968871746,46.1917563095461,202.06091458804875,48.515564180241576,6.480610637130888,229.48857910347013,5296.51201265973,5.435990766381953,5.6690511469593075,79.29589543309845,28.63577849722384,14.353955502182416,7.725452250722822
USGS_SOIL_00055,47.12498164055481,-117.47276213506174,5,8.371613109010601,10.977568837909082,18.306257956713804,1184.1230081174403,216.0306018185178,122.12017022494432,3.329083690512251,1749.1638428074334,1060.4286629448727,8.888276682275913,23.28515367348293,35.07715471298688,22.216914469934967,17.915133341328335,11.709474490657204
USGS_SOIL_00056,27.123820049246067,-108.25722155787525,15,5.4897640636341976,1.135113081907753,27.86062531099982,7.108617987525937,13.773051679096358,1263.9100204391716,21.85646615743731,374.773335102371,40711.85508676212,2.107700574352806,16.034966729628692,38.60296802018337,25.565705817649643,8.101004428768185,36.894442614422886
USGS_SOIL_00057,29.703588698059484,-103.57814451248053,15,6.918491243335703,14.962155185373536,20.30533835442481,0.5146278832826047,42.323895979248356,18.780540463342327,1.569374640711073,34.331216769212304,3763.8594371761505,6.285405798152317,17.469830045013474,39.34976835662672,27.29729632325391,20.697639936298135,5.675469627944467
USGS_SOIL_00058,26.085454933852915,-86.89088276143553,5,5.246979420110364,37.336282315836314,21.890305802315464,60.200597841175586,451.06911631022973,80.16006817594672,9.517455722786464,282.7403254003984,2497.865204983916,9.651993778070326,29.96122217656328,51.94997338702393,46.12868370707128,29.978429205317422,27.870117346102674
USGS_SOIL_00059,32.80792793831834,-91.3240800245342,10,9.717723691660083,9.235704079935305,1.6657772103698678,447.41277379497393,279.06242438729396,1.738542247666161,3.2046120699964673,113.44721679136961,9477.828498460522,5.374880889938101,14.295193145830348,34.054455907194225,39.466183083304365,21.083930978534095,18.45431258203147
USGS_SOIL_00060,34.32825495254757,-103.99029317202707,20,4.718602371455731,43.10924430879247,58.614174906389515,1636.8410912017705,7.4144060974150925,0.6031911297226694,3.706297598282714,699.8416432508161,4021.2220788003,9.634973558817112,33.29146431912861,56.3187106803647,39.34654707336624,32.33056915841057,28.54270588013299
USGS_SOIL_00061,31.512376762573503,-66.7956003212142,10,6.964731065340541,62.69824076844975,70.41349876761498,58.77268909489645,117.02268917430449,204.50529680759533,3.5943937077751578,111.5405717027308,4812.990192194501,4.561263340756771,10.389014791164222,62.702599182037474,33.699256130043906,30.6719854870154,25.60421021271916
USGS_SOIL_00062,44.8897002196463,-89.25928565794365,15,7.450665321398148,36.42514135346739,8.635778672911433,65.17961624466193,2.8146547316111947,44.256022833938886,1.624487326480272,2667.6751748642428,59315.195397314536,5.902830501694182,24.881672701045332,58.015208201806765,18.826729910687654,26.221880377982835,12.82245640241255
USGS_SOIL_00063,33.56207984064614,-111.00361928757633,10,7.120698646177248,16.945382104886768,11.41335972868054,1491.8936059133455,71.88702886932376,372.90468158468195,4.406502279722823,580.2077386333947,2142.7691912298046,6.330865375130584,25.16315201041294,23.473768615428913,29.585088954226208,20.597486741095086,34.6523320650686
USGS_SOIL_00064,31.74242823249714,-118.99483411539617,5,6.222068511683437,73.96399417129462,1.225487527145537,3.527243192759841,1389.1220762946764,3.773016446060947,4.157118364708138,509.58975897947096,2035.8871059297815,8.61660361358848,12.565854842837545,64.92751497737909,39.7048845961338,20.180003105963518,22.217913391327485
USGS_SOIL_00065,38.02470599579796,-115.9813107881244,15,6.305268950399861,120.96402280866012,26.347730283446875,68.23505594889528,14.63435215546361,113.95730391174524,5.986388436106614,1779.056073212325,3428.5551570906823,6.707284040904896,14.74251826901606,64.0605112138052,17.41735370632712,26.11039817890608,33.78876066197151
USGS_SOIL_00066,28.382181399394305,-110.48849402531403,20,6.565717207968665,7.669731901551564,28.734145738720173,217.2063405494063,17.55051206911333,1291.9036573904589,4.960002153109678,2823.8610696794062,10784.003122455435,4.330558808389993,30.043954777398213,62.45242058519457,36.36553206873264,16.86663512396774,19.21043876658767
USGS_SOIL_00067,44.25272753809695,-115.51979897768622,5,6.279496997557267,692.0638938740757,11.09742916238643,364.4675212608278,226.43267282541692,95.15147496021444,11.676677304037751,645.3881200557713,488.90058383833434,9.258407324563574,27.854157648648574,55.592633729837374,53.226092252627666,4.93983398826029,39.46399438703337
USGS_SOIL_00068,26.7892154483145,-113.99254558097296,5,7.945818675192364,45.720252510507095,65.79409152231125,53.53772864184448,5.649220526133169,73.54126741331,13.574734929493113,209.1809256967491,281.83813878980385,7.916029708257683,14.872876409442787,53.30283971307699,40.61816645989732,23.93603243282368,31.96712754754537
USGS_SOIL_00069,48.685286478412415,-108.17938504706302,20,9.815784502387027,,7.380815645162334,158.99647360854647,24.230010112525946,45.39495363629932,1.2702986290413558,46.481090586427534,1473.5970671775635,7.818578125463932,21.018696408048015,65.48584097189595,44.14029135561987,10.95145096052023,38.80825717894007
USGS_SOIL_00070,43.53387446311978,-114.77095787760946,20,5.66376232248825,195.3486599740634,28.414764556880165,1.0236199275062412,173.17555004314198,2.644318502688544,12.711753026983143,237.6800316810533,419.59604428442304,7.4763503477815,6.850408887592864,78.85270231405181,32.18338750442161,12.302870174476922,23.00142676184506
USGS_SOIL_00071,29.76917635682014,-72.0908399470409,10,4.445295530631383,83.0787569053919,2.639272977606248,39.78552590160991,24.170735963088998,512.8745556023528,1.079390238237413,263.5337992168218,1790.4144045628261,8.779600145843695,11.262376471958877,35.704393049527255,39.6793194876499,20.001791583966305,21.57918963017452
USGS_SOIL_00072,25.132530810966458,-120.2662090059631,15,6.3675769274731175,303.5802349239949,11.759621701210325,367.60810001827326,45.715985116111455,14.886522126870926,9.074125989040974,781.0086142031864,5447.977050488897,2.7017070503079554,19.574616765811975,66.17188093692158,22.821467856459645,19.239000979572243,31.440883326384025
USGS_SOIL_00073,44.571074282916015,-94.05382801535498,20,10.369564006481479,91.5443447871987,9.378957472136502,20.809548242384487,219.3562535145634,110.83802058094206,9.428024103368601,396.34287329860496,1023.6207377847763,7.767086040534031,7.579212058376347,48.70674352988821,37.958638123412264,8.703395149474957,35.810194205470054
USGS_SOIL_00074,41.96457625234281,-100.78658720760997,20,5.294488148045404,18.130810445076264,17.08091713011518,166.99576339106744,130.90524405625183,2.6819341934108136,0.4522228136780438,1866.647757470195,537.9728573476358,9.005588229237194,30.299970646758123,48.05490421957099,36.54388134060763,21.323932513065124,38.74510285529453
USGS_SOIL_00075,42.496172032983694,-67.03966160239221,15,8.9586752081661,104.65888479366316,6.99859634461339,362.76128527039907,102.19772671945377,5.349336871033323,5.010697344027279,265.21082960536575,3239.5982171954233,6.680759183421131,26.540186303229437,26.952039644269423,32.89911174037663,27.72911728688839,16.359316711137488
USGS_SOIL_00076,43.5104883204627,-118.38970477208491,20,9.01655122111466,6.967753248484623,10.002060347206909,74.80626201724549,38.760603348490534,591.7932408741497,2.554367563283189,610.5976610522155,8392.151321393978,5.927323387092722,33.30901011945484,45.72815885726907,43.16007419718498,10.973267437873737,32.95466008449236
USGS_SOIL_00077,26.777071641618168,-101.52651965630125,20,5.669617637438008,66.38077426786607,42.05888907916841,208.70620430703428,120.55399989162702,23.92337178060135,1.8030536332979257,3928.3751235317877,389.9552050887259,7.13721592850662,25.804007178920816,35.04102563047377,24.612151621526113,30.179866646790074,12.372595917243785
USGS_SOIL_00078,33.603177485062545,-67.80124443675324,10,7.353474618777913,51.42816691591173,6.32717370370276,21.63981423118935,54.70897166762868,611.488321531249,22.66955413806464,1110.6912196839435,7976.690482898097,4.317584724521915,33.212041167865564,43.042183557410816,28.129424835263375,7.518633398960448,24.095102136090585
USGS_SOIL_00079,27.780857428603113,-73.93507957225516,5,8.942594934692806,37.53934777636097,1.09432129468302,98.17753688889754,138.7243645950776,38.8296765455481,2.0453829452095245,607.8594499924202,7948.729984312592,5.71151758629262,21.635376670728952,33.52720424332775,30.954620413582965,36.93859315496763,11.294685194321971
USGS_SOIL_00080,45.714482221014244,-76.79274781399249,5,5.93130838851877,43.320782248308106,168.0692095719522,502.9206173112753,30.11154821523491,1.623499506642928,1.7029255522196893,269.6388138864474,9366.568841094771,9.482248970456261,23.006558331859083,43.2663741903049,19.703890289105992,16.709916556132132,17.15890766126186
USGS_SOIL_00081,39.95915504386139,-109.78373320434855,5,6.194629459846458,1.8453550870941884,96.75491368244722,203.15026399423294,49.79375830789843,222.67686384189906,4.9078400074885495,257.2768918028693,12863.849060206005,7.522362648666774,34.309131638787825,43.90834464464895,32.269319438002476,21.16493597461513,37.59754285222608
USGS_SOIL_00082,32.94155259646358,-114.91763234398611,5,5.627478629077034,20.334016352879814,1.7534862644384825,45.92168570182867,13.681814358109245,15.459038184174592,10.20326426994729,185.69027927046332,41873.8459603397,4.879278711195295,24.26387440592781,51.45132377658201,12.81069587046153,4.8637314201146395,10.113174492058013
USGS_SOIL_00083,26.525400406864566,-85.55005002445857,20,4.9778649039606995,64.5293927824138,34.27998677266048,232.39367499560237,63.05376808015399,157.21901988808298,3.7811254249549746,295.4470701946372,1944.3626999328287,5.257224486295198,5.923597065822398,25.778752065630034,40.469545344282096,19.502911468245532,27.134031329731876
USGS_SOIL_00084,32.46357572117589,-70.16681664147244,15,5.526083682400989,72.80186009235008,5.7289819464974,619.6901414602346,18.21779052829434,46.77643551927355,18.167688421468984,2066.266755250417,3399.847634077331,8.348334604650983,26.7140832989157,28.31722778382015,30.466373665659656,21.827857421745534,25.753399552459115
USGS_SOIL_00085,32.804399728641926,-92.15098931217814,15,4.664089599856615,8.586444564803276,18.08767601102406,2.459891990907101,11.21806785401325,2.7798228140075993,8.475424956394892,476.83360476579884,1808.5376691147255,9.000582915507945,32.16406076412247,55.4287140609579,24.791070960962365,19.310703167204043,9.225842344814527
USGS_SOIL_00086,42.51054828011354,-91.27485132127592,10,6.551125202388839,532.8681997436715,18.9411384373511,1507.4098561707797,100.87254977384015,60.08321858449494,0.32829142189468374,87.82449042117862,2988.03785059308,6.762945674674185,28.8674074938298,38.038428243948516,21.656263877048787,15.49535138358101,16.409266531908425
USGS_SOIL_00087,40.301379312525114,-108.48123347404324,10,5.345040153412038,11.483202015534058,8.571033320759549,75.7539450300388,93.72675068222033,2329.0172020358614,2.3741503919756015,9435.68389044508,18759.358497823396,7.544775160333214,22.514998178762678,66.11794685344897,27.654209703808124,12.427483851777481,24.704352658034303
USGS_SOIL_00088,46.29310582183184,-79.59991694167573,20,6.850678867686121,,3.7597463748162827,347.57479056000653,233.3636521961803,108.5678828060053,2.2836829776435135,1074.8622434448844,593.4675988905408,8.194451865493063,25.13910539280549,53.3790458302257,36.88259710772414,29.044212956298487,11.55125131459716
USGS_SOIL_00089,36.33315820388678,-113.96441883510612,15,4.166156530694559,117.7954742287925,4.324032524163478,1627.001204096642,33.45492761834783,40.30469827203912,7.96640356265076,80.60695202704454,1060.759450602096,9.153353530594346,34.70575367755015,59.10143225309611,35.47738978737561,20.2464570799836,33.02182797444854
USGS_SOIL_00090,27.87026190251924,-105.90292505214963,15,6.996320348321685,17.0609263868639,3.082411135030831,9.551064416807481,128.10939597180146,309.70434714795664,0.19209207441692447,342.8272270851161,15562.46374872998,7.44829126952747,7.719862655280149,71.16038480631342,22.944620527215392,32.32601901213418,39.025477833716245
USGS_SOIL_00091,42.11787489335188,-99.89925012163141,5,7.750293442413387,1333.496350315578,3.4982634480007624,35.91366971932277,160.979353179196,65.31379288721897,95.46996070945606,785.5071610802722,10137.977587443433,9.705921988826015,25.017344858997184,45.354337822901414,21.539603273723657,15.788141161640617,12.516578998686523
USGS_SOIL_00092,43.25884116680554,-95.05098765761716,20,3.509396536142817,6.369071533501074,11.014720053715818,83.33783170927911,135.86178640328293,65.18058278113172,8.475937900533772,8577.417358016584,1928.0068418074416,8.639120985690683,13.501930837117815,41.38269941875586,36.568987063196474,16.521642453022263,11.541918767670158
USGS_SOIL_00093,38.470652741667905,-110.69782578751027,20,7.061084854771358,285.5672384277095,4.163516444359178,30.9537129420009,17.795651105237273,6.265602106492665,5.358328956893094,126.1953764327769,8310.56105608574,4.50447887314918,24.2027118975851,63.0755387839822,22.776525953849706,26.524753956769302,20.922727512910562
USGS_SOIL_00094,43.50321231890946,-118.22462734038699,5,8.341503488709938,330.64595232541456,33.88858047760449,4768.910502807033,84.68864841770159,68.09654287315595,18.502044873951327,2875.7278287943363,4489.331175659624,7.947518331255333,23.228707276518165,57.64270345894529,30.599097740795035,7.0162003039714875,31.171784699901124
USGS_SOIL_00095,36.851094312745374,-88.97341749594368,20,4.685538471963191,16.32803589150605,113.39408540419008,26.747895901124007,119.41734682381713,288.24134986297827,74.61823119730344,5427.476871876457,18039.68858149765,8.713294828571705,9.603704963244862,47.190045352680485,31.23754642524277,10.292293118776616,14.856021358233798
USGS_SOIL_00096,37.54558790516786,-107.97079735882491,20,9.008858580256554,669.4373209863738,5.103467128888602,48.857428819763925,67.45667547902063,9.92531065385516,12.741902521674662,259.0493391972821,3259.7686728420676,7.634166107949779,11.202399372207175,70.87186950433913,33.120621317267386,28.77987977082531,5.695796804404814
USGS_SOIL_00097,35.26098444060519,-90.70694493606587,10,7.1285285140490675,34.810402820118775,17.445936405817818,223.3584909027294,2.3670293890305945,580.6176659840555,13.993259029512263,438.6621696950926,10206.28041393876,6.886520526209361,23.648887341296405,46.81633535240104,38.582704301818715,10.624528566214442,23.942721981151287
USGS_SOIL_00098,25.610059041858285,-115.89259979882206,15,5.442482216362387,91.80332644036248,25.77816112516594,13.405980962314546,86.20976017581523,37.89916789380458,5.242654894903927,140.54618153139643,70998.51871175849,3.2017874505216666,8.846898419113224,50.49160456333672,17.37037063132677,5.447591877579619,38.481019871855764
USGS_SOIL_00099,27.58939424783931,-96.61273399056577,20,6.416346383513441,87.23270428907406,24.729661815743725,67.2649014265757,2298.5865350726353,9.043216143596926,3.781682800788498,490.1974594399505,6110.225670243374,6.6763398820752204,12.955426253909685,50.31833976251388,10.888406747395123,34.948217504584726,18.694689939243094
USGS_SOIL_00100,25.754300456481623,-93.57722347945644,10,7.337490368782584,42.87308609701253,13.652639895562762,280.032739326601,37.48486194426631,269.2762322643539,2.532091059731039,629.619103224173,3162.739302519198,6.595941948721804,30.05736643214007,35.981091576522935,24.32552718771648,8.849458817006356,19.704709396408514
USGS_SOIL_00101,40.27384987033073,-121.94241132747682,15,6.614008087118617,234.96930572743486,37.115090077103574,76.26996301354596,20.802572218896447,26.67616248137138,1.6630705288794598,1789.1125559975578,7093.515829256084,7.560552263672048,14.81274518004916,51.163780842295864,48.01528407832186,21.472955186625356,38.91156009899133
USGS_SOIL_00102,32.54454354583184,-105.14034758655869,5,7.308133988669554,227.7570969950529,25.112693338866563,123.12822378810766,121.1897738060859,175.41012394813615,1.9651784989592362,3412.755152053677,1923.040815274634,6.871978936554597,19.641804688089888,70.95140266097737,50.221741000873784,20.55268154179417,29.31126640693549
USGS_SOIL_00103,37.205696587952865,-117.06953406060052,10,5.11898961038095,2.345837423000744,1.9031423082258725,51.487330881400545,109.92574987569226,26.43884848246457,0.8863289186914027,216.55745711575653,52342.35904551496,8.315954784561848,33.23421005437521,56.67452473064264,48.31177135565888,-2.4850265329446692,30.171017299474382
USGS_SOIL_00104,46.78159537422623,-121.2608767421067,10,6.754041236054117,571.2417140629979,44.868415066856095,7.1782769965623405,449.60807762517885,40.13757554809944,4.091674335134346,34.778952954639685,3699.989442445651,3.749709914756921,11.814472665108388,50.46595139598397,28.070186322393106,17.86146381465753,24.694570187987367
USGS_SOIL_00105,30.983013499572998,-66.59234628899324,15,4.37942825464253,,46.10568475234976,282.3610080696939,8.912109327390487,108.68006338693054,0.5935694270971984,644.279624296705,2148.402916880535,9.669308539188451,16.688780520740313,47.573490782514966,12.178849180151712,23.587305995832878,39.11132238021346
USGS_SOIL_00106,34.849190152855115,-105.98112314649134,5,6.33316090797695,350.2275786225898,3.8770356105765544,4963.498646278554,214.9076506775134,75.46090470485964,5.635578639851109,1033.0865957152507,1093.5375665902386,8.479104094798048,23.193733266306367,54.963005426095265,6.569608983481594,22.834475052150886,29.110326954894465
USGS_SOIL_00107,43.13322732503317,-77.21740769457654,10,5.1441385378028155,414.91316040141453,12.89586546198415,153.97700322682164,171.51578411077935,1.231265860673991,4.290499974618051,966.9304133877106,11121.820071743798,9.40702277645234,27.660167885119165,61.246499427337774,23.85961838450589,27.228165470428014,36.32614630618093
USGS_SOIL_00108,30.49115597179894,-109.97620136893794,20,5.39670508611535,7.661903301068738,33.95355255130172,232.88114927908035,53.12063934166294,5.940309686738518,5.345859617739858,407.47929791850123,8439.048931449719,6.526470954294097,32.049601601381156,59.138582463346296,28.0192636985064,16.900069480756528,29.47826030066274
USGS_SOIL_00109,26.847517835891033,-84.79133938878817,20,8.354139762815656,26.06345865170408,8.899804147801465,593.1489276608661,114.65179994699011,238.15887015162198,2.3951410339983084,802.0156725399013,1641.1865319332373,8.445906313931726,32.46418962720546,45.02202707267031,43.00625401055959,25.700035536737285,30.729053869413857
USGS_SOIL_00110,31.95403486993043,-80.1465562665085,20,8.136965180891403,7.461314437308993,60.91424598921149,11.720494861167783,346.23992879205014,35.239025236643045,179.86965401620114,6458.595850381666,5953.541991705769,7.911618478792361,28.29920223117869,54.87172391165172,38.678054595424456,14.485367455359425,15.164382274978628
USGS_SOIL_00111,28.869310894096106,-89.85731430413719,5,7.413707181360765,37.08238820624476,422.33918280707724,4469.4887893071245,269.2673111799088,17.414159767304657,22.922961188708104,1179.2114760404922,487.71578975211014,6.7452585517458,11.849925097799314,57.19909611722418,32.2740507899162,8.7162606686978,15.621754430483664
USGS_SOIL_00112,47.312743656221755,-97.17700487554066,10,4.861530852991132,,3.747245178862293,222.44004238066103,10.70990592615482,3.875081801071935,1.0065704914886924,379.9149312378654,3721.8074022234046,6.040163037057614,5.744279901276974,34.89207518709532,21.101552290588582,9.61817299455014,32.40446273516102
USGS_SOIL_00113,44.39488910954601,-100.70138606531115,20,6.025387325457797,222.1580261363341,1.5348506736071066,3880.4786879024805,247.70861077470886,6.40113054040371,5.92654673285836,314.09744568994864,5132.292002461309,6.296381082466804,16.513217910668715,52.52345811775542,20.3922044175511,8.303116358436682,15.384720120946486
USGS_SOIL_00114,40.201690156250166,-104.41677227396328,5,8.319646549968775,577.4118228401425,19.215704615257405,34.25847601397689,60.129359432298166,1.1744059532722717,2.160614406009414,515.5433863192748,23127.918769400185,7.34355779443418,9.2464655296347,17.580441705464573,32.541276870714356,28.07668774312955,24.696952478053607
USGS_SOIL_00115,45.91505416450522,-70.15778048937827,20,6.712575370459857,673.3268408791198,35.95771834155378,5631.459057048347,74.93331291200941,37.25159290036695,1.3266066991370264,7747.379551205033,1182.0641119524244,6.187461145453011,26.311629423148943,57.23800564731778,36.970509788397266,7.883411927531547,13.727330881734568
USGS_SOIL_00116,44.28812984557875,-75.99345494052397,15,9.978994309972542,19.847886981235927,8.616684993875323,699.4616642283647,74.97203561965344,15.223074788910258,0.897549968151638,505.2477665104149,642.8920629917588,9.776803983321807,24.833917604771504,59.905145818440225,33.918812622455846,22.192310725194424,33.59441832831743
USGS_SOIL_00117,29.47768141326486,-68.06341227067576,10,7.089976759091558,37.464755108713945,107.75832573289547,448.57691995265156,52.436935444939486,7.847082418110185,7.5282305607864135,645.6828785788141,1017.8892982950393,8.130673109206967,6.319149248643646,61.21319188679689,19.65402040393345,17.872606447420537,8.86754729296915
USGS_SOIL_00118,46.421415963759465,-117.66646381435287,10,6.788073674735047,2.6374466048807643,1.6357334555314287,236.99733792931676,448.86940832042603,39.54257085398278,1.978509370342955,322.63757796043,599.513084322922,2.6951176624693964,30.097813373928535,44.07429721745649,36.50667628792086,19.178811412394946,34.03063239165826
USGS_SOIL_00119,37.94421380597562,-81.87881896298498,5,6.036325303696248,12.799855480896348,34.44548517854225,90.28242061094193,58.3261925446085,86.06881369448156,14.316192350015474,3458.1015626738,14823.793374826973,6.512237422292587,12.462297988735468,54.63570252536052,34.259109671014116,30.9088583615976,26.095543017766065
USGS_SOIL_00120,44.3785637239375,-69.63791304755877,5,6.700311357173423,310.0498030499579,4.909680011268601,1637.7249251515966,11.119787674128279,1934.794267252342,14.769122110483874,12578.645859317934,19117.64776184033,7.23615703739155,17.966812264731267,71.3593076831175,19.293335938098217,16.492581062277814,11.541833718947705
USGS_SOIL_00121,46.50619119816383,-114.30724909622606,10,6.271295245429184,1000.2938465691279,160.62410109063745,196.51126142068574,35.529105380625765,2.940588833459676,23.305683602284464,1307.561948474458,4377.617447180277,6.755205048327139,25.038012063672273,71.20654472436888,22.156790296997443,24.892812492397468,23.971238492714136
USGS_SOIL_00122,32.632083399324735,-121.07672022536013,20,7.562163015032885,5.91902672379813,241.9601467520423,2.903336499795733,88.75782086511127,360.2815747964717,1.6114523944755603,753.0708816282345,12907.372449597744,7.036254297592333,17.882563605567597,49.562409511601594,36.88495974561567,20.300506811048894,14.887459289656915
USGS_SOIL_00123,27.64124618866424,-81.27388169188652,20,7.935053475191876,18.794501121701078,3.857483848950563,15.889000487470797,476.63149963528815,257.64503643419033,7.92830076074877,702.8716143639979,3500.811426310134,4.694618666641385,18.238634083998303,52.089794460943395,27.65492464854109,18.78384875493842,16.321356715567383
USGS_SOIL_00124,30.4704439010066,-91.1060863223852,15,5.321015809238076,52.063786873188015,5.342342868305259,102.34080769477912,175.02896874647462,10.997116137655427,9.572984913026543,18.60703652215087,2659.427153507446,7.99150743471638,6.968839860072212,66.6636671710165,45.89147301636457,38.39975299509179,17.30348145589081
USGS_SOIL_00125,35.250586927030156,-75.33210217126195,20,4.503150569663333,90.40414208522665,44.22905077199807,275.88882216769707,17.101113083708775,64.44581016884382,2.5370099178071785,2033.9323092376649,1998.905095000475,7.84819389608988,17.043306477800115,27.487969771067377,35.011292760645766,8.469266034277043,7.216173644031233
USGS_SOIL_00126,44.63235438213984,-116.75342977904891,5,3.745691940345055,12.714126067904408,6.816212906461004,132.53185375084348,3555.688045990498,19.614324697201067,1.7751299848162974,813.4216615539171,2053.972106578589,5.862926018204664,27.945436796599505,45.153863859844634,25.133688118107308,30.31305468349956,39.50865895404961
USGS_SOIL_00127,45.657533998152246,-78.07922860026648,5,7.261986990368816,117.13298110812848,11.38029297508257,1699.2488502208519,101.86419428474397,62.44208235293188,30.920667112749896,1264.6024411439262,465.27942190115505,8.206380053025988,32.45529011559793,70.03355683305135,29.897943996090675,25.251252523919778,6.103711984592843
USGS_SOIL_00128,25.166851132748576,-113.10398811718308,20,,23.268236153338602,12.655382652698231,2.9975529483172845,513.1792404827071,676.164117624427,5.888463223953273,228.7904934130852,4093.2956883305137,6.9282343611438,17.404914111901153,64.62800812527149,30.633833926377182,16.163800042945727,28.187390561449746
USGS_SOIL_00129,37.257935261861576,-115.34429937092344,5,3.2706641105712757,53.19614399475463,0.6841967652073045,197.784068607549,52.313627766429974,132.96570246146342,9.613432131081371,373.6481882346029,2840.113535778995,8.530747044823565,17.707574806372364,55.53895666474857,22.7160968675829,33.034548139532895,17.99296767151007
USGS_SOIL_00130,35.0178640755707,-115.30831792207141,10,7.082867906796446,145.95693995709195,11.932232845779579,3.9119718221732858,156.54989726508325,111.66407923070565,1.6711446082357209,359.0503377545134,7291.268890381657,4.334925955070954,26.078813189709564,27.412513920040695,20.874118018223733,5.215119100891707,27.610360183134464
USGS_SOIL_00131,30.330587451297525,-76.94009150634847,10,10.239499276149186,55.232971550400876,4.329310705401224,678.1880375234263,255.48139966022646,20.60313449314166,1.0375463431000478,3079.228864987245,3335.0007916510785,9.57299559428366,33.283160033158296,49.25134650438257,37.013898938095,15.825866741607427,17.468688858065434
USGS_SOIL_00132,27.876768816008386,-85.7533639789242,20,6.49089363269016,24.89097771514543,5.814273056640808,122.86455516565469,468.3011345130625,3.0916285878037497,2.2629296307512146,376.854904661513,2452.236043482257,5.054911910850199,13.011828207180807,41.151269056251,38.45273297042095,10.33214236584739,28.581272619060055
USGS_SOIL_00133,33.10276411368707,-94.13913993862195,10,7.757736161677463,44.82214623739704,106.21315861232516,343.51127810967586,362.05252160387937,30.715186944694285,3.8619581018746536,15123.278876951556,1047.926117671544,6.2113910150523335,18.204326196138105,54.9655835422582,36.03781469552959,23.29666771897168,30.52324283139263
USGS_SOIL_00134,47.629832893900456,-103.82900143671336,10,6.622744037821348,46.569539724704256,1.850099938757428,26.37018665952616,269.2163146459428,392.2481513857686,1.2497405775549417,1269.3923857175828,3250.564277782969,5.540273330535738,28.879197306569033,37.859799728076794,45.15318094323802,11.09548719050258,29.169342413987568
USGS_SOIL_00135,32.75687036849813,-73.2451680920266,15,6.351665520213286,28.04976197553909,41.2564630340876,1917.7921151654662,40.28024821575432,2.8607901363836246,4.429054940661745,98.14794763467623,7229.2073594588255,5.786331624542137,23.290807081221157,34.61414907538089,24.58226763988398,23.46451157393055,8.98866934753533
USGS_SOIL_00136,37.45097492184078,-101.84573866206452,15,7.878614724481653,34.26646185014398,8.016930392230472,1192.0732869997871,26.714495824866606,6.691507180168416,0.5908422452716209,548.496314315502,755.963587773908,7.502769773331267,8.317590318918642,19.027020834745375,46.742707660711304,18.508508673427567,27.991263212913964
USGS_SOIL_00137,41.87245501348427,-76.82063307117696,10,6.064588183717023,970.2608054040238,8.007349018049647,476.79594257925606,113.5419096199012,56.108197520925216,1.1687596906319158,250.25673145768704,3310.8773855757904,2.4519076250283485,23.831982066867972,68.32707027465052,20.990788814458472,16.165168458751324,14.799564230893406
USGS_SOIL_00138,33.72711045710305,-99.09104039435711,20,6.901088471107855,149.85302887846441,39.8673560162951,114.544741974827,296.7840932677667,7.595996918492475,10.025115536180422,24.740121926581523,3942.8202346753897,8.744216611775963,10.602388537919808,44.00344232835414,19.873144366315074,23.109177968266483,6.008047969926674
USGS_SOIL_00139,48.322769985303054,-102.76027866393045,15,6.98254670929402,32.07687698916179,20.288960935443278,473.29296382212783,46.69545696864642,10.73444570036827,9.249306949449027,7326.157267698694,1259.3138141513314,8.01696357442288,20.306478022352124,52.35718675553802,12.400411178507497,17.851027008495485,19.519073516113387
USGS_SOIL_00140,48.09873507861067,-97.70189264549322,5,5.497864319535427,191.42918098208077,28.671955817536496,36.09718426239849,366.60139665239643,20.853515703210828,2.800359723298202,1909.7236282696629,1472.2872664842985,5.2988236828528565,20.873098029813153,49.96642825288728,25.54204686173183,11.29092125552769,20.174008598133035
USGS_SOIL_00141,31.04277509980874,-107.21870542431562,5,7.988063524304784,29.937890485383786,52.05375792383065,821.483061308043,681.4254082109677,3.8262632433638335,1.3213881715329236,1480.02014307147,3931.3297976003346,5.1048816417319305,31.286100866749546,33.98849100559251,24.962776631705463,42.41098391707983,21.351094667335627
USGS_SOIL_00142,36.93396414141725,-80.89104656960119,5,6.237560364956887,451.07081623634537,7.411533924390019,4019.6969317045505,15.392594690014882,7.741385500468013,1.3061916138080292,852.4422717559946,765.0144924673457,7.606420436771293,18.874828220373146,31.1140263282771,35.25937280254651,16.102662535766843,29.668845788675068
USGS_SOIL_00143,32.22107943560247,-95.33949698454373,20,5.366382260760733,106.20338115901812,4.8629482911046535,1262.9696853425671,17.47771907348035,158.5658953125935,2.8635957914575987,83.67779478028866,4536.488158342272,8.362185109857613,13.383272667076827,34.920273110041464,32.43890941620451,2.259127358783882,15.80953331998607
USGS_SOIL_00144,31.83617186505922,-111.29945098633777,10,7.304764765355605,45.00871513981371,2.392345367717675,34.494333369424865,53.27141619232198,4.249215560856152,9.712582306798915,322.007324012717,1017.9791866922349,6.471380203744084,11.928990446480947,39.15247341755911,18.070266289808632,13.263210482228892,16.03481795863729
USGS_SOIL_00145,25.88528673650879,-71.92510017680047,5,5.152298027313444,122.22828276237509,3.532070366228689,305.7704431219617,109.09076794099971,2.518919797674091,13.652120118588721,2351.1765987905237,10672.487331832644,6.104343072378211,31.227556300530082,55.49909370520707,26.072737615741826,9.861786493018158,7.119328968444121
USGS_SOIL_00146,39.629544015517524,-102.35041793898053,20,6.542271736053692,3.2298087542680767,1016.0132180678372,11.175422109882742,28.809142306692976,14.381678021670458,2.4698611078561385,137.43759442114336,49285.898984657906,3.6795702889850435,10.130325632546851,38.06423504719083,26.285379789123144,26.609164928324127,29.03874255973036
USGS_SOIL_00147,37.064296557492675,-92.93038119427467,15,6.486321505033695,7.183728629255806,78.80838273606382,466.2773470141008,580.287857344244,166.92087613105568,1.1227815001278736,14.914680936617932,1061.1323142533863,8.935713702017358,17.77605682649431,76.19735947391932,12.240177530381075,22.57322127673269,24.873913198985438
USGS_SOIL_00148,26.235490029999745,-71.51814545309173,10,8.128843348747367,6.365768661355865,1.605424890270606,365.47827040458816,131.43428310216495,31.360236772763397,6.180581528093318,473.1161829894264,5659.265739903617,7.362077612749135,10.615193447808409,65.40726553839727,20.190532729866305,23.189702414322753,17.229878944282582
USGS_SOIL_00149,31.687515141678674,-88.16995824107447,15,7.2120473493199295,70.61888280569337,1.6758375411685642,3.5267166863470467,71.03092014104307,19.3705536407287,1.6682214105228557,537.7338144046239,1246.2691835063094,7.886463829989471,28.19912120343126,62.125393244985624,22.291863693859106,17.039820273302045,29.681614262107413
USGS_SOIL_00150,46.79838126319969,-118.10301559820653,20,6.462459561882284,1234.6304815556466,25.09827434496712,14.53315094824241,6.702930117798972,48.41675035321312,2.406315725962319,815.1279743221282,10395.673703747656,5.2091169286462256,19.231179199238568,48.20511646290275,44.33625019820946,17.765198023544627,23.8075212229407
USGS_SOIL_00151,30.74948537600734,-69.54990470680497,5,7.726649448800431,3030.0677656270427,27.68517845232721,84.24440912635436,8.122960600679528,1.9303988138157804,21.9843603753331,1983.8168404701507,653.0736493763198,6.020951066467573,15.534310716704361,72.71421103580725,31.914507159573525,17.032551171138653,21.42357310546889
USGS_SOIL_00152,28.477476930189354,-87.96522486878635,5,8.58531132352597,172.17165659413348,27.752495191918126,81.31093470436373,104.54470724592177,108.90437208039606,12.091932736764875,1730.9206582667155,5306.586745594235,9.188235181573553,15.832989218794005,46.72991553318314,36.621687539475,19.35045452691624,22.896359028139425
USGS_SOIL_00153,36.74686624666151,-105.24056873523192,20,7.3367154595277935,134.49406274396685,8.310886730972033,13.210951294649185,2.1986576128464534,89.13776163429037,5.417146358623887,980.5902711712255,1045.6701385055715,8.854403147668354,30.56642620168938,49.53107878768631,15.01364502850788,26.68266748291868,27.27218438434698
USGS_SOIL_00154,48.655610898654416,-116.78294771286015,5,6.515528929765071,2.134208983559772,10.092762774280912,323.09857379900967,337.04614691060044,21.396872075056176,0.9740401043058438,3996.9909005150616,2325.332905847002,5.306765373065491,21.613218628833142,52.549618096239044,41.94214483013992,22.68860330004277,28.10009116011098
USGS_SOIL_00155,30.80932651627601,-78.15251383305254,10,4.532245651474761,20.556704905051483,19.92189316888143,245.4141564555818,51.77740457602558,273.3256991424651,5.775794836509548,68.13869966593418,865.034741598677,6.973258640562366,26.53603553393791,60.527345608150156,43.01102063024093,24.000902636966934,15.113523669925101
USGS_SOIL_00156,41.13125313774108,-88.41570740021771,20,4.902329505386941,13.22341664994525,13.857678861682949,100.63113834283199,11955.524494799216,5.873830767258874,16.041654555296212,1417.8156927157354,7996.990521505501,6.437176935918093,31.911155487520535,59.55362118504478,10.016550328553741,23.996471265993623,9.926017718690364
USGS_SOIL_00157,43.278870767889224,-93.52579557339703,15,6.042162943467998,17.85840602504956,0.43650713446798867,32.73408859795061,2677.5728254128926,340.4390771527257,2.8554789891900154,1702.4225498981552,1091.8443119568599,7.579505985051994,32.05225028121926,42.87312082333095,22.946832760841517,27.075539499053903,10.482196341668157
USGS_SOIL_00158,30.70330105581759,-72.2603375999935,20,5.5857316967610755,40.33990294293652,8.630483716787168,1208.8372822329377,49.883061149327766,59.032527058666766,22.676676016149376,103.612354109765,5781.145417771884,6.148881942861319,14.855271630135894,42.00509420861069,34.9576557301551,22.305200332322038,27.378681006605056
USGS_SOIL_00159,42.47719236668463,-78.47276453775268,10,6.2195430455218315,23.341594953406585,3.3969920490966934,4067.623601339654,56.25308004549986,24.390783565518028,21.142692709429546,69.80419351509069,1972.5499312447605,4.689848384674536,33.57353789439156,59.59854435728127,36.44388453538182,22.87078458143135,35.55056500184941
USGS_SOIL_00160,33.82679518526208,-116.05118209576769,10,6.584974887345661,1.5484591524907396,15.844415888325702,56.42300877450349,327.9727161330994,43.13037288967333,32.999070637574526,217.25826568139098,2598.353239286973,9.400780534563753,5.746276460438163,60.72854875836849,23.21505269512778,29.510449929545253,19.332369742094315
USGS_SOIL_00161,40.17533993424591,-106.60839800006265,20,7.294539131535096,209.81757464341678,1072.6510755923896,43.62656115587679,1017.4717734682968,36.85249862175369,6.46428074161646,246.5803333237789,3559.2569810710297,6.946807474527033,16.305066830484968,44.099733127656904,26.94500536946347,14.679632655975103,10.933205611531182
USGS_SOIL_00162,40.204713058261476,-110.33914075094653,20,6.394251832911364,7.917397502590369,21.141173678224074,396.396641859363,4.850847869394923,402.02296487894085,9.069072872444654,2059.3160565118956,1194.8911758797071,9.035677478561215,31.873965725265247,26.19217895482319,24.02618938954857,13.154059360387944,31.481087440284913
USGS_SOIL_00163,37.8585924177942,-81.10716873821207,5,7.229752465739303,83.98551599963882,7.611844117788827,72.52571876246972,3.825921125582672,6.436452733315007,24.459648163488836,264.5927428577721,3836.9786893692844,5.302655145908947,13.239106394509488,46.89025855987633,31.104180469461195,10.512627206505153,34.137131604680704
USGS_SOIL_00164,27.1669544813058,-123.02158635058902,10,6.596711622215181,2283.235524191032,48.55524651045505,112.30356411369846,24.649196684978605,11.330127967364701,7.666596112357915,184.09965653216008,18702.294151668837,8.999349104050788,13.192443509639551,59.35288698238788,41.971785314619126,21.46331650896205,35.82038550923383
USGS_SOIL_00165,45.04725989414171,-91.37650859259233,20,3.536800150469193,10.434396818244126,25.129233025465915,651.5188331074168,169.4198804021912,288.6876205384997,2.45596330853506,265.7482401391968,1171.7882233403448,7.681257470298542,14.078668552456662,77.0812526962967,22.289578428587955,5.170142070247014,26.23910001198066
USGS_SOIL_00166,32.69872155932166,-80.01493754129926,20,5.090996909271869,0.5743492943812075,22.877221831202938,3.25856796713762,147.6726123536169,15.302819870367685,2.6162672709396535,3561.540664772823,12163.223026585418,6.804534277927826,23.369401545407666,32.030630564890075,40.008204977684144,23.69723276847742,35.12549957858296
USGS_SOIL_00167,29.4764442495965,-73.27082743105677,10,6.283868666417577,32.62870428877145,30.27359528422561,2072.6943322976467,369.3092348739708,226.09596639229594,5.967129222682848,678.2833096933105,17992.623731310283,8.12201189663318,18.149983268430613,43.601431207541395,22.183279276531124,19.12645524399558,5.539523545694268
USGS_SOIL_00168,25.978603397314334,-104.81717682576146,20,4.685457885738339,396.12401958642846,266.35109573453923,171.63344150951454,9.781413024230426,952.399671234405,0.95249187106233,508.32624802492086,1119.4737784013723,6.262329344502486,26.802045090600277,44.15894657711935,21.523727875031156,29.077117598568456,8.753253061933323
USGS_SOIL_00169,39.1814306365178,-76.54581902435123,5,7.399893094994306,1853.8603461677571,2.2337177438098617,65.17094305135134,1.6391368941575888,21.688213395976803,3.773825851341197,563.9647513555291,520.0549473071285,9.163448903610876,31.847319276939974,70.33708009147252,38.18594618343214,14.624661516280074,8.240162346823457
USGS_SOIL_00170,41.261544684214776,-118.47272751964277,10,8.796126248515545,5.970380913560905,24.79019259847452,124.1551125529691,263.1759217315343,152.39139643731093,16.707480309775363,4619.725198625706,4282.760598087205,8.120745736118636,25.22598124828582,49.47587749312051,39.219363780076165,18.373453716659945,29.941163948915655
USGS_SOIL_00171,25.39810789426855,-75.05931478766342,5,8.328142777545974,133.4942761747638,3.0356583037508087,137.66988889569956,17.72340288705184,5.6032898226990895,0.32319331982782973,216.20832491749846,1545.5126903188673,6.36379632910225,11.134001605927265,36.390101609416014,38.51409936762654,28.97762666634695,7.435362424025266
USGS_SOIL_00172,37.29023339918274,-117.47816892241303,5,6.179835693604688,23.62820623437547,28.029820730130282,4.653396546708922,2.6390510901015394,173.90687182241004,28.258054221779403,4785.101120191499,28066.272372997435,7.230640038909719,32.98045707081506,58.38042924382729,16.84202591781859,31.065085174225217,22.372753036320745
USGS_SOIL_00173,30.435898604750513,-101.56004985693833,5,8.736089205274927,,3.0708986319927054,2950.932363747501,84.10802575629779,64.00512605593039,17.23339484950701,912.0952709526613,3108.10672157715,7.552304453870963,12.934786200424355,43.9304221993858,25.34049021927949,14.55878107398544,21.54474145227012
USGS_SOIL_00174,40.484146969826796,-77.95957341900635,5,6.7230011858031675,6372.951752215853,6.513974417867726,161.20087603873634,237.24209108512653,104.73872417371055,2.5812724138040624,522.8899007247788,1138.3791260132882,7.057120432088157,9.496828859844744,31.634190899630685,38.22988592003321,21.45424986069728,15.874623324538433
USGS_SOIL_00175,29.184794296119794,-116.15487178642235,10,5.994371043322941,3.649730790652671,7.825323900800867,359.9640843917438,54.855836453876094,13.984789438983023,8.602638800364032,28320.770288811007,752.5057116192701,9.455379692993679,7.699018365828827,36.60840039085774,30.415418405638945,22.355351821472386,35.46418094797349
USGS_SOIL_00176,41.58250571445918,-111.47416768127415,5,5.579896004688591,86.2052767238749,52.65309804015632,995.3550833133496,32.05466036845754,2.248020052131737,4.498649642448751,136.52950775636882,11024.61689445468,9.083679028714437,21.90151221998497,76.01062931633929,19.263071538025358,22.989227244969186,10.96516206579986
USGS_SOIL_00177,34.2816483112129,-82.3870984648091,5,6.046295470267808,,48.312081594593195,19.253157723767313,51.67739379640223,110.59265944078112,19.608996031316064,391.29876014174584,1502.0396514832676,9.392234363646363,8.412873874419553,55.76313832474193,34.58317939125442,17.899394725475023,17.336197453973394
USGS_SOIL_00178,47.48151972968163,-82.5178443437816,20,5.917734772188156,385.45150402326607,1.88028607972268,382.58230174055734,36.85781160998849,1.0896693760859038,14.57371802608109,104.72659962594554,3141.9363454118943,7.911950663421385,9.163276523378922,51.61640083178814,22.851927410085295,30.25106718498908,32.09600250080252
USGS_SOIL_00179,28.300502659503838,-87.17228965976746,10,6.755624333563231,65.12898422020545,13.228864760882637,86.89650546767483,7.714677018907731,25.24855973669019,0.8351993268575949,2775.7963439476925,9385.894856557767,7.152166431978676,14.0009144178649,46.25159396281931,47.94524848392212,4.882372131027637,6.064781003764948
USGS_SOIL_00180,33.1855924252062,-84.0570417764411,10,6.740860971574797,,4.202292534317659,807.1758500621728,21.253273207769396,243.25915573495416,9.067665972876595,8381.510270748233,1667.1818711724252,4.35875088282992,13.449590290533916,54.38223263178198,45.44841462418258,16.630958121591327,28.553264008622904
USGS_SOIL_00181,27.723364509774136,-92.97925784249182,15,6.504569030230122,26.9782929716985,1.8445634443884291,2.1075900941852863,153.55331689014517,63.143879531804615,3.5016930343133104,8142.757591708301,2821.1091593240967,5.837203006136553,23.12718530996427,54.20353919003742,36.040974263555675,23.583445862183574,33.57392042265497
USGS_SOIL_00182,47.192646838685505,-110.1438555244898,10,7.155407254619525,88.62628590392022,8.797560123638675,121.73072089887542,111.57373426546391,1490.7233644389062,4.950056965131327,4171.0502004646105,2922.27560406333,7.5720498148867845,29.502358384180447,54.38253242310989,43.61006704769774,23.657798495594747,37.629374359335856
USGS_SOIL_00183,46.05614448114355,-104.60393638326875,10,8.285969412179512,29.437044673927645,7.669687085240801,44.44972114256235,87.26030731729863,282.9291391650807,1.8704774494443444,494.5109519330815,6768.192975576146,8.25566059081934,27.840489686086773,51.722676354166296,30.647913501233813,30.822072244918104,35.67038241720197
USGS_SOIL_00184,31.190599065163735,-114.28573470871589,15,7.9243312031619855,167.13960173386732,464.08825065487036,352.3150843719336,13.568656028456454,13.776757057855855,36.516509848794314,384.57488667476906,6056.535419457559,6.603269690106119,12.874533641494303,63.031975074583244,37.654374943750156,29.585803145610296,16.17844408917898
USGS_SOIL_00185,40.8396171048203,-71.40141688131592,10,4.272653047325145,,23.322993933521445,379.96850767109794,49.87874402599524,46.9537973793373,15.61253604042675,54.23060089374282,2288.984440670693,8.269326196943355,12.359314939579399,50.34656519001096,44.77720295302075,17.71566699754221,25.52274494630334
USGS_SOIL_00186,44.613332804829184,-90.5798841087989,10,2.669118297647068,107.6387495711684,1.5427611242697843,36.044280999512246,2.0476564123416523,41.04761504464497,1.8446224146325265,14098.3112934639,3217.560921769179,6.918111801524617,33.97374590320903,35.33091746671042,32.45498681794313,30.398969948244837,7.705272260266305
USGS_SOIL_00187,38.3248194783871,-101.34976641094525,10,7.90147986685891,51.796725623557094,5.221783414034492,35.71791099973455,88.72686002236492,2.59109826397591,0.9034516104299871,1344.0827877613085,1908.103672400566,6.871398820193536,5.247087247758804,40.813656636486975,27.448128284857162,14.287666049780361,14.025450124180301
USGS_SOIL_00188,37.71161388054416,-97.74165758499618,10,4.449681952376869,414.42435104368667,56.377770635567096,118.94595887756837,656.0075726175053,8.225852595677667,2.8212860943920517,318.0042166811167,506.16621915427106,5.390355830442418,31.391615991806475,20.314719597654317,12.953780418228842,27.4470990623347,8.29778325616276
USGS_SOIL_00189,30.80445498161084,-69.11028296290289,15,6.162851897160975,49.773927240375706,279.40550772176334,24.697833947851503,6.305287636346628,16.291286061918527,7.548909949664143,4876.023613936595,4060.742139525509,9.057465697971786,10.991855573672149,80.40225674063589,29.16866474278506,34.484179827367946,16.031555155388734
USGS_SOIL_00190,27.23446642734158,-115.95226721615127,10,4.744830460910961,2.2446319310708187,1.1286531640568938,799.484696621345,26.11515305532746,1.1443114413610962,5.97896222979993,154.60186892534867,28872.074105195086,6.795637922557184,33.418529692693035,62.9413188792903,38.234231845623114,29.719552854839755,35.631552471055514
USGS_SOIL_00191,46.53317819087984,-90.41243991100896,10,3.7970293436299705,529.2488310310501,0.7262314032323882,70.92234876029701,112.9077197766447,48.690709547904945,20.161188396843055,1224.0655937898819,1032.2921852080435,7.597499617337666,15.269218544825591,37.548942573061446,39.4563342756763,20.846163068192986,17.15083938860024
USGS_SOIL_00192,46.61003337191993,-95.15256794581651,15,7.312194092307182,10.693989540425571,201.63270758802165,0.44309262782264297,494.9952740176264,28.550392380263915,11.56407912651195,513.4005288673244,1178.932148073063,5.246526894562602,18.21055321679757,45.7723272590435,35.043650657184095,17.345769825823023,24.666433605049924
USGS_SOIL_00193,40.19443497455843,-88.92420010935578,20,7.63873274045397,16.83096913682323,21.854815058113775,70.13036637463384,32.55205869848248,2.200734080448922,14.346167464693801,1733.7044691872197,1048.5113486957011,7.165092527258393,26.21361841833143,40.4468528869035,24.587009050377603,7.77126962992571,20.16832968402293
USGS_SOIL_00194,33.136714985168815,-123.9314991545704,5,5.635234398909921,18.686655709802338,3.312028700798347,18.595365040819768,22.02987470165404,92.53464893855931,6.634122996877834,604.6439009198822,7111.79629585007,4.965625055739339,22.63007154419781,73.13820817061176,10.231784310524095,22.484317103313632,21.062078350455735
USGS_SOIL_00195,33.38102979070386,-73.54468937229507,20,2.613436561782635,,27.165387081737023,5.682824436446714,2.856859578717207,162.15796300751924,0.8460655194188071,75.46041116734177,5106.055896884285,8.672572861511913,14.538179891204685,28.701842535936066,25.04784901995265,11.078262176232647,38.93502181427954
USGS_SOIL_00196,42.422936292885744,-70.00502133346687,15,5.680633327621276,1.1685765858145611,0.23372230280088543,12.49272810662054,78.68881370573504,67.26648119290569,3.5436659224448652,744.9853539099627,2464.525983249122,8.41325072033705,21.614927476034705,51.71714088228169,26.956551289460485,13.654922691088505,15.365406389235028
USGS_SOIL_00197,46.53064623886185,-91.65714216823667,5,7.08770600810382,15489.960147024141,12.244333516563453,184.71552588081596,1749.913547432267,24.945096869377313,15.992305301265452,3207.6575444757996,990.6656847814611,5.91977045854455,26.921206530886586,48.37208236152728,26.870710328099857,10.474033594106627,26.956356433310997
USGS_SOIL_00198,46.290074182362815,-83.89760139126335,15,4.281632646838807,365.3669738544202,19.92014954215617,2115.99759520603,103.93581437507655,129.61854569169006,4.212989479198082,636.6215660630857,3330.41483392486,5.686744598990091,6.270048377074763,62.402579460636716,36.18556356977925,16.316861338746758,19.70219343528065
USGS_SOIL_00199,43.717013100582975,-70.57253651053955,15,6.775039879668734,81.60006393055902,48.735377771672994,277.65211571281753,64.35107460660598,152.07847170676968,8.196509905182163,2127.4357971378167,455.9820511365447,9.969675880196354,5.335979157671123,48.439861584129574,49.8567641101484,19.776244684104142,7.140116336669017
USGS_SOIL_00200,40.40875950770291,-83.27292057550949,10,6.477035226240507,49.46131252741517,2.662208580099169,44.12353102885442,111.64583764735275,77.73661838909811,3.057207818242734,138.6157575996923,3540.813847855834,6.510312335741972,18.74200817218674,23.626866850168472,31.23529201841093,22.18891664932564,22.126579106848258
USGS_SOIL_00201,27.019359159881173,-116.00019646805858,5,7.3689372494016325,91.28599082904425,13.853400723620766,369.37352330857436,65.51327498823714,10.131992067437414,1.3024222262755525,639.4502418501983,8483.08333314103,8.087465125466037,8.955098534105426,46.233232480363384,27.832682108435385,15.195946916688293,33.467016516578795
USGS_SOIL_00202,28.87908913827073,-90.99898675015802,10,6.67937055262123,139.4938300265342,3.0400168583439093,59.25317585825801,18.159194280659843,73.54381697558986,3.8650983311227365,260.6645462796666,664.1852065025357,8.68168053374016,24.93032874394143,35.417566730850126,27.407781869959074,28.554269651161466,8.456353903859092
USGS_SOIL_00203,46.5653005246499,-89.20381226341149,5,5.040396588677667,174.40637325667197,17.869147698883975,36.99561017452467,248.94895241964244,384.4697727749021,6.493858808717596,2039.523049334425,473.8913461109605,6.178051935036227,11.421573686823026,51.19369319834841,31.24384766907714,18.334357936080274,7.435714658870814
USGS_SOIL_00204,39.55429743183016,-99.97629039315922,15,8.294857252496737,148.42622579510896,3.1803158522144512,14.750465823391472,95.7000132563552,15.272711815116143,2.04045890634058,697.3150682342774,19837.422737038945,9.295032715428704,17.985533203870126,71.5126555478049,21.71706239651601,13.698220533875848,10.377103213764332
USGS_SOIL_00205,25.220729238799112,-81.54979009814136,15,6.262205640459545,64.1513558372669,6.605144012269903,4.465326725684031,68.59236307475766,1951.3774961254574,3.3775361911864596,1872.6513024525818,1430.6561048261815,5.9226501004237235,10.930128106228068,23.90862133651583,31.201985587460552,21.81033813794749,31.75400389862571
USGS_SOIL_00206,27.43531702878477,-69.87234612862812,20,6.459043190735102,38.274766596051506,2.7353978946984028,68.04386609864221,14.00499926673643,17.35471658670459,1.4515676489287792,3400.1187594246967,11650.884922623543,6.856932766331846,21.454507572473734,37.996658969001444,34.508123363318,35.70842266835053,30.33983844506583
USGS_SOIL_00207,40.92404245859334,-70.3914577385002,5,5.100098061390206,41.58369275877168,32.35292268887891,203.58975819297757,536.7930782438217,47.38627472529943,17.16880202509064,1876.9959195858266,2477.9894426856586,7.503508270247284,8.481603781537068,41.709605693247546,32.09686063574488,22.68128453228094,24.77562191171387
USGS_SOIL_00208,25.121478012309247,-98.4004770871562,10,5.835076623212735,38.44255677797922,44.15369762616364,122.33371263866796,193.16106847283314,13.32345381855974,3.147640394088829,1001.9242214008591,2454.440764234705,6.519998152423106,5.693205583624408,44.27553356880183,34.575419340047816,17.097154981011144,21.387924143242135
USGS_SOIL_00209,28.85939323401997,-118.31895529539544,20,5.172795928959649,420.2232738206284,8.56829827370883,64.59042268227665,27.531385924205416,66.81232066688561,25.618292680724633,148.81167974564903,5044.708945234748,9.344336709914703,6.533949143200916,61.10188496157866,34.33747609348535,7.780309151050368,36.091403514591775
USGS_SOIL_00210,38.169610944798066,-66.89436926122227,20,6.240580910114866,158.92018580288124,12.90167299430967,22.387614427721395,331.265366577073,1.9425488544832024,28.06427515369515,662.3676961548241,1031.9457449165916,4.697430557555788,33.627753245459296,47.39683373657919,12.281033177535562,18.244701432223437,31.834423834171886
USGS_SOIL_00211,41.60548474462464,-75.50501289968989,20,9.067562720213516,0.2745286800604724,1.3869580254616107,500.94303066409407,30.0807868881133,16.728682516382946,4.066346141634255,298.9763271892602,3494.6781865733074,7.139578372515728,9.268586558328074,56.23704088580668,36.368701583954035,21.879425000704924,33.41797879556319
USGS_SOIL_00212,40.64707022806241,-117.64490180900725,10,4.442148285602966,177.79325700486152,7.771669669620945,10.651877419141918,19.082933698475156,6.260010355679745,1.336242433620798,396.9872105558303,1885.9985647879014,9.42625137363322,26.254347594105056,40.61340434402335,23.289851543375462,16.89935286995544,33.4641805472729
USGS_SOIL_00213,30.382463427053434,-70.67032892557503,20,4.079657903184888,77.51916146381798,11.298761008455442,700.6831780138707,19.77611728698361,57.031801095018736,0.36674904963426985,379.251196780627,611.189994775574,6.070920384254583,7.037786126684788,53.44886518126906,19.04160836996042,6.676922894072003,27.49510041609453
USGS_SOIL_00214,42.092301312340865,-73.67611463833444,10,8.706755491240413,52.790129840430254,620.9121686255492,19.996674048430698,3.920778829485258,267.73703226802206,0.7660985304892365,152.95008675781037,4469.26162621696,8.491385619745135,8.244810567055465,61.666964463165726,18.955481721450038,13.195476883972528,21.030511851058105
USGS_SOIL_00215,30.6939780999232,-94.38855462956175,20,6.186014484272201,27.130723234917323,2.298023627955684,32.95455612514896,141.80711776881745,142.9952105163274,0.8619122687601117,35.303853288593615,2173.362163864659,4.119466373067639,20.26628754228004,39.015506753943676,34.33541610472529,31.63630768710206,35.26372134049777
USGS_SOIL_00216,32.80959275582242,-90.11474929104918,10,5.496390892010125,412.9815405572396,109.53737970014383,7.8965789293917465,3.561451529106805,0.6256358104971569,23.433428069928947,244.15064382456507,2469.0042380944083,4.975302966289094,18.94612790463031,61.72037179709772,27.774250727751472,31.472008029843686,37.41025961611378
USGS_SOIL_00217,42.915793722832575,-101.45884047166231,15,8.059857031094115,300.5300147915689,54.3414974245673,54.44525526220798,9.341715147096723,1764.6812801987433,5.149962868616815,888.975057118926,697.7123193682316,7.945586186202192,33.54740928319609,50.78559153091353,13.180312160145892,12.906886646363215,5.833211514042006
USGS_SOIL_00218,40.59118957713315,-121.76906330950015,15,5.591576690394704,13.583016124078496,18.558995548420917,1043.801813861524,2.4086325636011927,76.05858458353323,7.152954076343364,88.03499728679279,20124.242087222538,5.451525296179241,33.34506359062212,65.68190360723379,34.78037815192283,25.382054297595374,6.804420564318796
USGS_SOIL_00219,45.38136185186027,-105.22336274289185,15,9.239014570320403,113.60120536341071,170.36287591192675,416.2375691263156,58.10713672630137,11.048575958362473,0.3120770362095329,680.9734745845515,8536.078793463077,7.181009855430074,28.388259276273953,46.978701498845396,15.603918692011726,10.57141772183861,38.556015391795306
USGS_SOIL_00220,40.782709415208245,-77.63164653271733,15,7.516888807008904,,21.28831240869301,1050.313766821159,52.43043606110429,59.313103674638015,1.0644308944645122,11503.454222987522,9480.449986058647,6.8690788849072115,23.063054903820493,55.718669827431484,31.39821358518211,31.23453025595962,14.700621484546817
USGS_SOIL_00221,38.63940648005132,-124.72671064272843,15,5.768132887781446,4.557103860217943,21.839904835141454,421.6961756686876,39.53894196959647,61.38353751194242,12.994104202905817,3085.8574299553065,2066.19980712982,9.468077330544089,18.64880952179033,49.39090652482205,32.38498925673054,21.96188678315389,35.56793038772965
USGS_SOIL_00222,27.248194427874218,-105.3235488702225,20,9.735962319898256,17.670719349854167,11.249447546576695,16.32439056283161,12.577074700836167,13.459326818576956,6.3225900033066535,7826.825380607001,374.27114920164485,6.897530517817007,15.685356029852631,48.55681606939132,38.85577081695045,27.59713198893227,18.607829163649093
USGS_SOIL_00223,33.8251792734264,-101.50804707813434,20,5.591427615494992,257.83201037944366,76.3519310658181,76.58655593415489,10.220811599621882,63.83170440808156,3.755996635494145,1195.944842814571,31054.55759343525,7.292391975121742,33.412626409266664,53.88395642338535,47.81684786466852,6.279253222539689,9.168502016327446
USGS_SOIL_00224,31.36485682436141,-93.29365942666254,20,7.613143058013961,303.5739024985409,63.098932430804915,31.174540178344184,140.18903778036852,14.977512091453024,8.826961375622169,3832.46981432828,2770.222692607205,8.279952371603938,23.087264342740568,58.05211203837356,16.353236740994582,25.421096815399103,7.815512007326699
USGS_SOIL_00225,30.855751441098008,-70.72851863164713,10,6.948938870609738,137.49035321033674,4.765888906211936,2124.19844549113,27.63593474152853,21.58823333303391,31.911210275844827,224.5397842772697,1213.7138613385882,6.559965758768972,22.372175830579835,31.256526321139923,29.475261439369504,19.93860749052397,10.477776467815977
USGS_SOIL_00226,48.35225331405869,-104.56558633240829,10,8.452611934098197,201.37571988252816,1.6839280817381495,13.550489974442229,110.62801027218357,12.996726988423474,3.4375157464083608,253.02532928494,4915.5645535852655,8.19298907839189,11.957033653067446,71.50450413226817,27.236647049557828,26.81543256632674,13.746261820357764
USGS_SOIL_00227,34.43434539200225,-104.52976108812257,10,8.842266795090278,138.25791868969432,8.98475312857544,886.6012913048203,16.177188007819595,3.391226578336862,4.870729707746817,10.927578055831528,12094.970035398264,9.5153673770088,6.400934536553392,22.105054391753022,34.33749685960962,27.318942384782797,22.098142387578918
USGS_SOIL_00228,46.409117324250715,-81.48742636152485,10,6.54800622359865,17.20728995463462,3.66908441743462,885.2833296043095,89.09474806235791,58.11975634319831,5.646954100166978,3941.1120594686727,2899.632641765903,5.732483475842615,33.35565739278633,39.72781835391656,32.15668770933618,20.526277515797997,29.552426519802424
USGS_SOIL_00229,40.14732702393431,-98.31914148750138,15,5.369873194480725,118.80227783180129,11.075252758148611,5763.155326443288,536.5956652093373,128.19326214440017,79.08565948571112,6704.176502338696,13825.779408234474,7.548075554204554,14.412057765339618,48.58596393852649,26.4745375726338,15.193362887232682,39.5239501769855
USGS_SOIL_00230,44.075471284999566,-111.74831544654106,15,7.189958214408675,230.61211548302126,77.95698514137533,65.40683833806091,170.35172676518545,112.93252008386753,0.36087360114157996,290.1024487014233,10933.644068725156,5.87220528033069,18.27767069973376,56.18533953628922,25.590978113891445,26.237569457435953,20.452736015120987
USGS_SOIL_00231,37.063290234524615,-98.30606854817108,15,5.483426945371841,212.24141858187045,6.1352296938343285,616.8613727479794,34.47167219145678,195.5596513232797,10.174327316539248,454.4429760020828,819.2117317098134,3.1156054489756615,8.439198307571205,73.64258791612068,18.835491448159523,19.518764004758978,23.136472982008844
USGS_SOIL_00232,38.84569323103262,-116.68943579759181,5,9.520080871289935,,11.424554333750816,14232.78909706907,100.63683588963116,80.14298709936422,3.9049200193802136,214.69251237764087,1328.02993767019,6.5199510281356705,30.10772989727876,22.125627676623388,39.87861582406509,13.01772037177886,23.26354954841395
USGS_SOIL_00233,36.82042465165273,-114.59316779613283,20,6.704802996624106,195.3801064307672,13.290295433171712,43.15147698950428,45.37383969289715,17.134502199206345,8.847421595426221,1180.8388175133578,9405.450079525557,8.981212231538787,5.828954985677919,42.38458807415434,34.592041815995294,12.638782148338514,23.880202442077763
USGS_SOIL_00234,29.685831707153067,-95.59630140837069,10,5.952017673031837,102.7816436720093,43.49501454248709,6.888955692328051,67.53245489010243,202.6326950169625,2.036337671149089,3595.357892153365,114.99227169207896,7.718543809661346,30.019722862972895,18.09749768301102,39.17768197795137,8.182684669500947,23.12092299865618
USGS_SOIL_00235,42.338850766276124,-100.28339847923168,10,6.777020458797363,374.7542316959689,0.41881164238672786,3.455544118844944,39.60765139185175,3.8824578838150323,4.2259410214089135,48.70793918974032,2491.532266331232,4.367225183064937,9.208550383639004,50.47432960865372,26.896038635244864,15.917670723495494,5.307116427167124
USGS_SOIL_00236,31.73853669858054,-71.0240918369821,15,4.479310565705456,52.05296372240551,4.903501578936163,617.3425509201371,51.26784079853665,8.835622056309312,10.52436131807047,1229.2478975802799,535.3938038324559,8.759425088730811,31.596923378934562,54.075253767500456,23.431645313055697,28.821536368595027,5.0603687738444245
USGS_SOIL_00237,25.583583194354894,-103.61875995211865,10,5.042578942234023,11.163233194798801,16.72535009813642,3.433910103890204,93.62986142469542,7.880882353835351,187.82153710190659,439.2164493256722,1682.667209708436,9.184617589039165,26.89317912008472,73.86193613256879,19.21684933370772,21.422638397643475,8.418321134414303
USGS_SOIL_00238,40.49133510177202,-90.74528733359543,10,8.300620861916638,40.71023214480969,73.70852282505743,70.48231971090782,13.607567620498275,312.3426762627289,11.818232041132674,788.4678153066319,2082.6905972971563,6.4422846709341925,9.940107875219153,51.80952141340181,33.58917583740659,15.761858352615675,8.554481120021258
USGS_SOIL_00239,29.250656305769176,-87.6964070127477,20,5.514658581542906,14.284502943011816,5.824926193575596,355.89166547542675,13.1259853089231,243.9636711435276,1.6198301245602467,1324.1036282584078,1939.3472890666008,4.44919554300594,21.974539785784042,65.66037694163569,19.602067754717652,26.438847505440638,29.671391813417863
USGS_SOIL_00240,47.571006024469945,-124.22742706128831,15,4.92963352597709,16.19462027093946,0.7299136357262908,214.93831364042703,7.2306715369515056,107.46330351950583,2.6952430385438935,501.54650847748263,1536.5370545184385,6.261634003671521,14.379689430656583,58.757556223085885,48.4866306896655,13.34018702621289,12.172061138059991
USGS_SOIL_00241,47.8942858480621,-85.85129505101408,20,7.304979128790929,42.09236594243049,30.863281271790516,347.5434622365256,5.152933853671972,307.8072444588055,2.601018424178164,569.4208091302181,799.0532748446614,8.543865564539326,10.346992967347504,43.47127704492247,16.923574189065597,20.76280219466223,36.314993666446455
USGS_SOIL_00242,46.956745365290764,-114.49587795468466,5,8.278556231994495,13.11352502422501,4.697152230906197,231.49996251446265,9.510036289182512,9.182421884315671,0.5195606090738094,482.5995634774508,46643.71731686293,6.135922623807083,30.77546598233325,28.86558879811941,32.73660119212502,18.562957018195878,37.50122153519568
USGS_SOIL_00243,33.883808806130666,-68.29685126930215,5,7.5784299659976,31.364266854862148,2.0452090544083066,1915.4955224973246,86.06820048663702,83.71944059922586,3.0158803269290386,2851.140311910168,28027.863097657948,8.091940337589097,17.10568299521688,54.12503447437716,45.66854707213786,26.233045004706817,39.15626682635646
USGS_SOIL_00244,25.37095879669282,-116.22889906256634,5,7.994071528708725,1.8066848647691829,4.775419939115188,22.095351311960638,15.983228843458726,35.68341549582739,10.798366775308187,1246.5561401684329,739.164885407857,8.82151097959593,16.956311430961474,27.618469742819542,35.99089759263809,7.382173032643994,37.86784567104571
USGS_SOIL_00245,47.27964550210541,-100.5371767001056,15,5.364807367145809,80.15230788961733,9.236952022276036,38.32144737297769,151.68153262236132,205.28264528089014,0.9713401696042483,926.0009926353637,19901.29535010604,8.153037203974176,10.096600244198601,69.42810609004466,31.756737124917795,13.198418033482753,14.516091267148362
USGS_SOIL_00246,35.27641955961555,-119.96436958336001,10,4.367283999887235,54.71674876211086,4.91790685100486,31.648194762962547,70.49501499335577,36.32827564375613,15.771100473501724,98.84692272333835,1845.7508001204346,7.640636741123849,16.491970282573362,47.56906846944764,20.315163530381042,6.8940347272437315,22.842189564622938
USGS_SOIL_00247,48.199715657048074,-66.18441914108911,15,8.75200047793323,12.54397491791078,0.4455930953569315,780.8504324281075,2.8587751346528982,22.356180177888675,8.047244907228881,376.9567220293134,3480.8262334668343,8.437129630794672,31.148505389865505,67.92766117267125,16.18230811432296,17.92322622552584,11.140923956892935
USGS_SOIL_00248,48.12687945014207,-95.37049439045668,15,6.015980241736797,178.86694459973177,46.786715010596076,898.5633200350851,190.17808730154124,118.34869785534602,1.8569215086164705,2560.617554244977,2762.997024803987,4.6932921057705945,15.893861314689078,42.79678348801401,37.70050108917586,29.691420029059444,33.21733793103516
USGS_SOIL_00249,45.47222693121664,-89.87228397811742,10,6.123750475317429,295.19207546280677,82.45993688838328,365.9331398239359,244.02674573320408,216.39479650207946,3.781665175294435,703.835637673359,1350.5965064811057,4.026851023416198,33.54810687499364,54.03276179601488,45.06147240774946,15.956422322771783,36.095109680043365
USGS_SOIL_00250,32.066773409670056,-121.04248783408278,20,8.492291212773587,3.0234308938739276,32.371648292296086,1582.857969953865,13.596599439513323,13.423120750767291,30.507915336367457,1788.79449304981,9707.196652369208,6.688054209809092,33.38926697625162,53.14023286002033,25.611500095218286,15.914528494434794,34.79510937541302
USGS_SOIL_00251,34.242345486446204,-80.7523322464485,5,7.33434501410099,13.833530598242918,2.2110587967715594,14.068218768041238,130.62184491047833,40.047401562253505,10.807684146750463,9412.253662881358,3467.0654957397887,7.33242304749831,9.34695977922038,49.324338229836144,18.60938492383649,26.97379539347309,20.16784320438922
USGS_SOIL_00252,45.42728011640457,-112.61557000736045,20,7.183831658122411,13.6746502263464,9.004844399003847,4164.9028254416635,16.93873176528444,6.651263651814933,4.52917763676801,3158.6787555472647,1682.672011807119,7.708422190745062,10.319337605679346,43.51010729905112,5.418305694509815,28.548396467642398,31.553585964037335
USGS_SOIL_00253,32.606128123750665,-72.01479692299789,5,9.747503517351626,10.05604974430011,12.063906092865016,3122.7747965399503,77.96598195668521,0.49832149822572785,3.3695527473835836,764.8941869517382,622.9664515135073,8.283148231433373,30.880222109956673,55.8868402770578,20.192351563374622,19.29143146184968,8.415270935169431
USGS_SOIL_00254,29.06782592046622,-112.89676121156158,15,5.534722654429785,242.99836513469296,29.90996146700199,646.2872048231528,8.818065799599871,64.12455324612982,4.913226648577238,309.05406978297503,1020.1306471702007,7.128289030616582,16.782827567741577,36.107551047751876,28.8634315750096,25.477718832399137,6.408566971673775
USGS_SOIL_00255,38.363230299000406,-113.74942448084367,5,7.891760192121856,38.517510273972924,33.19870048296889,5237.490851728163,3.7849386420715145,133.7576581399803,2.425126603048185,14.435285711913615,415.8580022630683,4.600309405556231,5.13121946849028,31.85847006561412,45.99123240836734,11.384363672976429,31.363274500806632
USGS_SOIL_00256,47.46771457985874,-122.8435695969624,15,6.585519687345627,33.91553895578385,4.050090804908877,5.401915347401587,36.14333267564284,71.64477705454313,0.3585456084314627,516.6794259310728,3025.0057100960034,8.392730963102865,13.21615459116113,68.6424033999024,36.73133692232969,31.02379467140331,19.88743460150393
USGS_SOIL_00257,41.70471512019935,-97.14805023851005,20,6.902888418294886,1.4814891199578195,13.776900799866034,51.99272097196147,54.70929850655981,1.3374822224080258,51.96723857576703,407.883362078433,709.1033533055042,6.1074130278168335,22.9288697958668,60.90751983338151,33.05085404706753,37.18965035149641,39.84422426588492
USGS_SOIL_00258,38.68146808214476,-91.67437313750563,15,8.792702639618797,171.3575748751203,24.189547223096877,34.10326333335868,35.29398279049423,23.771111142502765,5.399951645749381,1194.5792276334405,2167.4949634360705,6.514811867197138,28.97797897879904,50.9883741290336,25.99880338698869,24.1697263295098,8.403897554943633
USGS_SOIL_00259,27.332235850498446,-121.1231902737272,20,,5.866949892044575,108.17318236255872,628.262861094551,10.029704168209527,0.8244605641933843,7.226658213232812,528.0242229947623,15430.822116488504,4.183265020233063,9.001658512797786,74.97713573815672,24.168342827440437,3.325347029257596,34.94696885373318
USGS_SOIL_00260,39.76017344078007,-79.24387061499438,10,7.307444118574449,60.81757042516743,35.04944608316682,18.16903044537195,35.16887648079388,526.0845776260038,4.180833799243537,411.3409410332588,12571.14625929519,5.579482346244258,8.31624093250206,45.98351721912733,44.056475975079636,15.534157900817725,21.79940729351471
USGS_SOIL_00261,48.76129240250232,-98.25595874986637,10,8.108761005964704,89.95220631419994,39.788782708207144,675.1874112788608,102.6034547430337,6.328743721158238,1.85495389096995,46.10408714147422,2867.7061177828678,5.609118232095268,32.66277960716995,69.8405482998347,32.0073854075839,24.90260257335457,33.950256842635696
USGS_SOIL_00262,28.362016365676578,-94.06097410967277,10,5.952570905685672,632.187149229287,13.814792548867905,2300.938329327953,62.064312872011854,428.2582909247053,3.5854737847878195,162.39769857239253,2685.1673389392768,4.851020341384864,27.53445103467748,52.633611273887325,8.973993080789779,16.628136022669096,33.59945487595507
USGS_SOIL_00263,37.43991165672968,-98.99499793064454,15,,5.176469610729357,101.05740460449499,596.0984274557708,89.30001438411374,245.3204606804035,0.6575241966405255,1359.6417993404418,28448.46430335738,4.9783610155624745,22.693388023342354,34.62873874885415,23.26460352102757,30.177588434000782,37.059720047672705
USGS_SOIL_00264,46.05695372627093,-101.35497940835577,10,4.93278620896845,0.2380863441689364,22.52541424857922,261.77936936211904,22.82406996393017,8.836910860739998,68.88950179337644,8724.2470617478,5568.646718528394,8.510535565838659,28.075603699877842,77.72060287656275,21.417839682283734,24.70525811548692,15.424750395013596
USGS_SOIL_00265,42.778446826100904,-91.98122045281514,5,3.5504651159359972,76.01488531806908,3.3480166801539184,20.578633282155547,434.74022271785327,5.818177612549927,1.0187593891694595,574.621707554811,2011.4924704834725,7.535139080413406,17.865630839199156,64.86066269936128,24.53735990822535,14.348195993873627,38.242977371170106
USGS_SOIL_00266,41.72837778388643,-115.84082549008797,20,9.584310694910483,1395.3773043027459,99.98847758385081,27.283935008410687,10.156589041417051,83.98736656489318,1.2990593938394872,1087.5868375125297,538.495025822553,6.0907010490309865,27.753672419273798,48.18468453485654,35.629106602850854,20.258118486170023,10.30834361251671
USGS_SOIL_00267,41.85961801569062,-114.266240300779,20,4.845187451417475,507.8080060482752,34.70399842874253,1806.6648687230324,145.48841702088203,9.778799569130776,2.6424035927201373,2775.863740060043,4782.161222010878,6.108824725098651,16.154089738236074,60.90756889300924,28.925551182057507,12.84933423488728,7.868907215772168
USGS_SOIL_00268,33.627787629274124,-74.15464836020249,5,6.1681195646213425,79.62968476336854,6.267853605132652,705.3527327358534,441.8744309029709,53.756917472230136,21.024551414625304,197.08972771941143,8064.189802894398,8.303035615994343,12.322837174778071,43.9444484900314,29.23134592996338,18.539320972700466,20.10654310803222
USGS_SOIL_00269,32.04620426234784,-69.17918773411567,15,6.084780050166619,22.534666703498296,5.934368079826217,137.27153358644557,143.9481187786925,18.7446867054302,4.560402098412712,1153.113627590551,1396.9103313012395,5.703786916257236,26.87040263878906,62.43723552589313,43.13473161325237,15.563254076539586,33.991303902464495
USGS_SOIL_00270,44.42466773148433,-102.97475033949458,15,6.961110046713651,233.415627608864,19.008064143191728,64.33996053754527,48.22903553578375,1.8110646086871691,1.016776211093645,219.04229532378028,4227.826482954727,7.7004173032538406,17.59016876471805,14.13382152074061,23.035389102133117,29.398094401864306,21.569739572170597
USGS_SOIL_00271,44.442721472300335,-109.02606428453032,20,7.723605818808945,9.465151970035896,24.404735538170016,2.5815351820567702,28.637719866957628,0.806668533356387,20.190375549284905,2433.8670687462427,1926.9853118599808,8.711053920837099,34.44131312978585,34.70297999458109,48.64199525887349,36.92809645464796,34.02503371356799
USGS_SOIL_00272,45.80973564592249,-87.00402694889807,10,7.7907102325396185,128.69483540340158,16.377990625216047,17.43178323423257,349.9324870289607,67.22408878039941,10.774699555734847,834.7268719888308,2390.268832843524,9.198505071629432,15.48455546924303,64.68889616430444,23.28692408628914,8.550493334113984,30.539038202800683
USGS_SOIL_00273,46.91777326135531,-100.88468390521231,15,5.625383842146592,135.61856640167994,19.432812633392732,6787.501425628025,6.843095033581711,16.26793604345811,8.551630347250402,1040.730054110264,150.5979240775549,5.465735553085613,32.65182261593198,46.25516692671621,30.891981966125712,4.614269710321983,12.329993514862675
USGS_SOIL_00274,37.272217572662505,-123.50220501603965,15,6.249317429320382,368.1085374839032,156.01248901984047,11.462591934346765,14.122950701009648,16.517795742417498,10.579107751899272,205.63486660793842,2284.4082895313795,5.97476413024998,32.98887645701238,53.113134423331125,27.18796404597233,18.038620625188916,38.210856871481234
USGS_SOIL_00275,37.03639107249279,-115.78699675539477,5,6.92386992573245,7843.089228963875,60.783278614119396,216.7966120661341,35.30086878866297,156.42159755617448,79.29969485879752,1920.8989131998658,9539.946561337232,8.002731322419184,12.255588411942384,29.79821506826848,31.234191335009612,7.85267440937054,7.12734090202912
USGS_SOIL_00276,44.159084295202604,-82.75763849800354,5,6.12696331072468,110.64741905519665,16.21526993559363,1113.0819143770425,483.1107927962215,369.51675999487145,61.689508383354934,15169.913675420488,1397.327738404208,8.421794157278821,28.9466354476404,77.71800493553155,34.44591995073129,20.369692829367338,36.439789764032824
USGS_SOIL_00277,40.59913433866636,-86.12348742730107,10,8.911018364029989,21.842671694440895,49.99714336776052,12.063141709865349,122.44086976643109,27.3692330621852,1.9658831575475277,146.66226946256316,3174.900720990002,6.835680730777871,17.992235154336953,67.85794465576515,34.338352400888766,25.991488910447416,15.65552071466309
USGS_SOIL_00278,41.84720505418488,-123.40133644229448,15,7.2364624274573774,52.14176390252353,2.5888509916470297,214.7384872814616,14.16999621209054,24.21379053229206,31.458272696583,399.55901982648794,1203.3434285131027,3.7262690299328356,32.52574181691044,46.98972172437006,22.4688266937942,31.953135178134602,22.505182910753977
USGS_SOIL_00279,44.09902406646643,-111.90364244595598,15,7.602316679074726,2.260674841623428,22.12903561458475,968.5799938241565,40.58942933026025,109.97548305197445,7.09792031465359,941.4405585368602,4594.108549703107,7.005384722505741,18.503728179057163,43.929562147050106,18.77085322552429,21.61115646972225,19.78231554452571
USGS_SOIL_00280,46.36012820362159,-111.36658700130378,5,7.494321903001119,15.635068374035342,183.82046077660206,152.1700497417147,24.955218769574245,3.886527068994001,8.157314254860506,2163.774259026268,2298.8681289888655,5.81748583562812,27.329111520120982,65.44406542129539,55.03171790905711,18.45475820120337,11.014209492092066
USGS_SOIL_00281,33.11188376443686,-85.35832812767502,15,8.260210786227987,26.1354233703451,8.783993606517544,46018.837905859924,21.42026876713856,66.79815754802675,0.5881783869235339,287.3441344165134,965.7549732730007,8.529818177547098,19.009022274913935,79.73705675253392,25.16015660399447,4.172920667415326,17.53514032405926
USGS_SOIL_00282,34.01399086335866,-123.83707827249252,20,6.77153233805556,21.256035609361085,3.416269297805876,5.274065368009296,319.32943889167956,120.71045562882337,3.6529573833314735,9.492049607337476,14750.935171239626,9.272631318022656,11.834022671385686,64.30640383717031,36.992124386719865,20.209481193486386,11.752705270247834
USGS_SOIL_00283,27.255566556180856,-118.85759366291015,5,4.55475207806623,71.82544278779064,4.580767988330276,1233.310208307847,7.427660917221632,152.08116751831608,1.6898025564319417,5109.129115846456,9088.07520603514,6.455329543797628,10.980503868340588,82.57704001094902,13.923586894768032,20.570298084395695,12.136026641118335
USGS_SOIL_00284,38.878723383908174,-77.80495096298182,10,7.099531927628963,12.424174382818679,2.3763137536607317,105.04580836971022,874.8473107890435,1.3686777605309002,12.10562932482736,2081.3233146700477,1442.4695417954924,6.3559475862742065,17.762935827690367,36.16473006407123,27.20387280095323,25.111654513701964,11.546989260923311
USGS_SOIL_00285,25.86261457112181,-114.46586493879431,5,5.522964659312256,410.6967884295414,3.754132141789714,694.9502843336965,250.9283660799612,11.353891111068,16.204623463209746,48.69511437771815,5417.262923961025,7.263756951689406,27.66483971042645,37.70919754251814,28.72800616017557,14.33209518776727,22.1156083121308
USGS_SOIL_00286,36.174352435179046,-86.4879796367394,15,5.707074977375365,54.61850347659088,6.988303703983323,358.7458874300446,381.9839809211563,9.199288507450904,0.37180579360942595,267.37356819148334,5681.067324948991,8.46646415829326,23.152144555423003,32.16588322919977,34.72815069927832,16.51957919811312,32.92759786289604
USGS_SOIL_00287,38.02347123298184,-110.94721591824313,10,7.37954602813264,53.691753410665754,1.4794190415693083,34.25003565672678,31.794610069789712,53.50614557879853,4.364737993951627,6990.264290347553,6443.076883970855,6.7241480234272935,25.6588786970163,56.62640974474219,2.7754585900806106,8.175981957566526,24.913951181643434
USGS_SOIL_00288,31.876990051078828,-119.13295782719864,5,8.357424607150453,30.258874406929525,12.471268777711177,234.62600654622628,52.46230173481421,106.20171352687898,17.222795149125226,5835.379771465635,390.29112101772324,9.128298357500576,13.469790521958274,52.63405324706555,31.661406130783305,1.6696575449274782,36.26223059927946
USGS_SOIL_00289,39.17999825365626,-110.65284073103221,20,6.531907365104092,72.19301029878024,47.15385474552743,3.6117668949972432,6.732571035364949,661.2147895272406,3.582229046081416,2718.838467338814,9975.903850571058,5.485218124192068,19.443060378728166,47.720733147920214,18.50258544632107,11.132023273625734,27.279057100185348
USGS_SOIL_00290,25.732005998537186,-82.38625102051611,20,6.963249518898445,241.0915836387475,3.1216625540348617,495.9598625353543,28.80474552360418,18.339590445030808,10.749684163503279,510.72503278164544,1504.7186925893448,7.580231828971916,6.33185794907981,62.13887942184948,33.24345711194924,7.437393485975868,29.126904047141156
USGS_SOIL_00291,25.896356529981148,-74.51390838172914,5,9.053322416952856,11.463471764744165,118.97648701303332,269.43224048952885,146.9140550432626,18.25373110137069,6.830504670745967,753.3132381488335,1940.3166878028514,9.03430300038491,29.52597247874362,68.48492907821996,19.63670803161837,22.693698363364888,28.36625304044511
USGS_SOIL_00292,44.742413455831795,-76.01702799054749,20,6.861129769232853,16.699692726865425,26.211234925195587,532.3602049947598,530.4368428521766,354.03990542922605,6.75303665369824,546.5420737548864,70647.50713044056,7.200899086767885,34.69676486719624,27.11506386069737,21.445173040744187,15.854927546665142,20.73107176143094
USGS_SOIL_00293,33.64457539387031,-101.56617175251117,20,10.402524671270593,31.604298764817454,57.160944598206676,1231.8059827702577,11.342413349983861,76.23635810284323,3.2362719231904395,3613.238262644922,4282.31083187929,6.8287025341011205,17.20637187874013,41.045419581483266,27.26372389606732,15.694102959401686,29.126858777002898
USGS_SOIL_00294,28.049452303645236,-85.58297694233187,20,7.348264468447316,4.842505914871358,4.541458287702402,309.5871638488156,37.158423961806726,437.80461226900604,1.040918019694099,178.7943728087556,1875.0920479947451,4.521194774579367,5.3289095939463005,62.3021539118459,19.476705303968046,12.124695630598303,7.439771126413641
USGS_SOIL_00295,37.53383824131531,-112.90592657046656,10,3.8588558612662736,12.495091066570636,43.894447901895866,199.57275161362563,52.348393419455626,75.16685722516321,1.166682000573929,198.60154234602544,211.3777363673141,8.698807882646836,10.09377918652842,42.98391974212127,25.24465553264645,-5.8605234600994685,35.09480151704821
USGS_SOIL_00296,43.47984527436666,-107.70428391460021,20,7.630012431656799,23.168704582406637,2.368126531268726,25.47922276925798,7.147318679357263,5.568858447334105,10.498401603593354,3027.256007945486,15799.23753758269,8.155770721656392,24.575806332512567,38.02690885462769,18.066242314566846,32.06648598998041,32.22342502053711
USGS_SOIL_00297,30.179704659924237,-72.11618670725393,20,7.071737577324167,263.45972902658383,46.31061735170784,35.71456085445143,171.7704146815379,4.056696455157745,4.587567405742745,622.3221076981904,593.3286106630444,6.564919461164191,23.362379546115775,65.27806141475592,11.668295483012724,11.997835817785694,13.58304853810876
USGS_SOIL_00298,39.949371419656,-124.23288651286657,20,8.434629131124119,87.58505621205826,15.764475297401408,1593.1512313763874,20.939042305232807,2.738137519031567,3.795382918209143,5259.025556653096,894.1497938685399,9.831594112071885,28.635941587566318,30.6574989541403,40.179570524293595,16.700639441200742,31.881135898892882
USGS_SOIL_00299,27.048339159850432,-119.95499667958639,10,7.509772026904938,77.35938029600973,27.934900748966797,2624.5659564023604,48.782685185050795,147.18544209094165,2.6948214482917736,242.9198830340012,2002.951739155227,8.172384957942638,12.616520328832046,45.47630288313343,17.039513071760716,8.360862677685516,5.4424910490006475
USGS_SOIL_00300,26.240361308046584,-112.73471094638438,5,6.292316024024339,252.55178881502724,2.0888383364322802,92.18331301643448,32.35863808527263,379.73524323238354,3.107359671639363,612.6736788264323,16312.617221643282,7.225023444860954,27.908957466414023,54.929660387072126,28.213191123920165,27.77544274752507,12.603630036830815
USGS_SOIL_00301,37.75251115763555,-123.43459997144464,15,4.663552645565952,42.63735644559159,3.1816350667504474,162.71586081485495,18.860285045464966,1247.4438972816565,15.741399511855724,166.73079783191963,7539.32537357892,7.4266465241536785,25.639520645710093,41.39270129134822,37.52891081493785,21.147431496298594,7.279803353481357
USGS_SOIL_00302,37.97524291864256,-114.29530932970195,20,6.186465114070963,110.25950567360387,29.839777753836035,24.307167118621454,65.9388648914117,203.89182797439608,2.9972856679450324,672.5281855090496,2466.5975952136746,8.043953472346182,14.684434931415298,61.747334840197624,23.85055897483957,13.38907771787305,32.307942081626315
USGS_SOIL_00303,40.298317635956955,-90.60054790278816,5,5.22421931868605,45.34050779461744,2.937262407552234,1549.2305859937658,47.22978228829743,362.5308012182371,0.8964814695141611,72.39806659178933,4315.4223420112485,6.322680792699218,21.36464444170886,41.466845372039465,21.74834100254462,16.86216310924781,31.45559529124355
USGS_SOIL_00304,42.42619200934388,-100.13595151504262,20,5.629214825292916,88.02776084867513,24.40552248759055,561.6245956263454,36.78269126082285,15.736307171867697,10.939522300608607,320.07324766948966,1450.316617615878,4.864721822612813,9.418214254949802,71.12929240168879,32.262380886674215,33.42543937699896,33.47726083306407
USGS_SOIL_00305,48.42044990710083,-72.33236904645848,10,7.3828676066309145,19.125727463552852,1.5672042356167284,7204.310979126323,20.789777619738757,5.575887680433471,3.504850980647589,77.13978785200369,3524.8192152540437,8.623834803651928,18.576935103067477,48.11380553756341,41.17933822727152,19.416244544949773,5.156859266393509
USGS_SOIL_00306,37.391208359228685,-76.77082985743198,5,9.00485675652711,0.6771442984096171,43.478271997697725,25.61950167463138,111.18989142719549,206.4674552636012,4.653757876173915,1883.4958989747645,3255.1840399441876,7.249924866701995,31.43592018666923,60.069052050580304,18.30684734913531,18.546131699072752,22.54314543374428
USGS_SOIL_00307,32.750955350589905,-104.83277624982532,10,7.092007294734472,42.875368837141735,1.9178696789859448,69.68493835612522,939.9132930634219,94.80530371254689,30.848680182802127,1948.6342267741438,9533.087058842644,5.732970403429528,17.635741394761723,61.190359294742244,28.49852167982561,12.46894811088588,29.669266913106778
USGS_SOIL_00308,44.084468674448885,-109.69401742755375,20,4.7061754069472235,706.9405997073752,27.895068209545318,235.77827366928926,83.41428457221284,54.23898193459722,4.372466783418871,49.6305168829688,9514.895023453686,7.168731842662525,30.18700119426266,40.58689995883891,12.675054050326725,4.843350796221577,10.43903950586554
USGS_SOIL_00309,31.49997403028978,-102.59814791813125,20,7.166904002330211,289.2200230937031,31.138543742778346,540.7619023728739,328.25447429953016,89.77159983871097,6.340898056718307,4918.842995185394,5392.5457306617245,4.920000132490859,22.70760095779083,19.19770177016167,26.0679899631781,18.719690611365245,27.742675462941865
USGS_SOIL_00310,35.53531409693527,-90.17259839162634,10,8.294947229968477,310.3545868220649,4.283807737409687,96.41528285629822,7.211268844214316,79.97658212821965,1.0890348120653086,28173.094046055747,1929.8217708882303,8.76245627481055,10.756301393070704,55.41133631995752,30.342046845380754,22.60388089859694,7.943853475839
USGS_SOIL_00311,26.882953152214384,-109.1842451914503,15,5.585325643520926,505.2408767666799,29.16705592560342,25.895722978210042,85.83426646985396,450.7308370654352,3.44318411185018,712.6636572154056,7260.374955644284,8.923482464895988,22.433187340936893,51.08432520687304,21.453753582449345,28.796675714621358,11.346404963650961
USGS_SOIL_00312,25.60841784197098,-88.17521443690109,10,,64.0448528534184,18.005250233419268,865.0740047072422,11.521452007540393,459.88389372156075,9.313186082218708,254.25268864042772,2669.476969298035,8.192178404530921,20.179499874711905,58.337390413626906,25.430081661747685,2.012027724002756,21.652888524811036
USGS_SOIL_00313,48.1035619522702,-100.84471252071681,20,6.522032292093796,77.87992934932664,5.428903694669956,627.8308136091521,6.277175486116322,119.05631711295011,0.693191848384154,46004.56393392605,813.790333722007,5.856081082298362,16.95924005589152,46.60208791425743,15.917732316925498,10.999229383815768,27.874780343838573
USGS_SOIL_00314,45.06352289229294,-92.42921632973317,10,5.32265253037664,17.96142833197387,2.683623608213654,23.746895327251476,20.430027360610033,204.88424694458018,5.703124096146191,91.97780082445203,1837.304167150286,6.310395796025496,8.58891318548211,43.54358451798926,30.770786113814935,15.354071275548398,10.105419443386364
USGS_SOIL_00315,41.70338094624875,-99.26853478101631,15,7.472420650765788,30.90966317579038,0.6415048481016954,2232.5185062969067,449.00720530425156,112.76574280089666,5.057889427896296,685.507678535031,3299.190388515834,8.571021020564089,17.501259915416895,80.12709516472549,40.556942488831496,19.972153211414387,11.482816579082826
USGS_SOIL_00316,34.81487066594248,-107.62652018702686,10,6.318577777088327,165.4035209070206,20.583197156705644,1541.324542686033,304.91264503757066,19.489862962748806,4.709326700295844,870.8183562982592,8886.236876386942,8.411934836282384,7.182871287188814,27.914689077338334,19.028561302295365,18.839730467772622,12.155622847298204
USGS_SOIL_00317,29.1590636817003,-69.04125488923276,15,7.129298665860541,476.7498772003435,1.1650870939245839,194.142610465052,98.37705099743442,174.48109799741937,15.558244303051492,5002.641894026564,2391.7155563050114,9.564545658854819,7.963071541962537,61.009257175463574,23.77328233447617,19.026490514501845,13.354528164464247
USGS_SOIL_00318,28.754489024106064,-79.9472581445741,15,5.16876173329685,42.47844215275094,14.055535432661264,174.0244357591948,5.7412623294523595,3.6324555369865315,6.6947672769746305,1140.9407982727882,698.5184181619186,7.448012538323959,17.47749598798148,41.38097212724914,35.02546246454182,23.264768468559556,12.929384698420193
USGS_SOIL_00319,31.00582955595029,-116.7333226297793,10,5.843812549514884,24.280154350299814,8.205688849614683,449.490869992626,48.71324467925579,297.97357084495076,26.40850924296639,314.83514616269713,3191.0012562265556,6.974222712843679,14.16144445905391,44.96332073389367,42.12090719322736,12.773655113767127,18.830218797417288
USGS_SOIL_00320,38.18143995294689,-73.76038942202314,10,7.583572036741657,54.65006073363498,33.74101511824212,26.48540587225386,108.06360773267347,5.206244176750785,1.3602827482813624,159.6882447874373,3415.7325143056337,6.805972705576535,32.76632977586671,45.24345751139052,15.068101877910687,27.473131537869556,27.882637779285304
USGS_SOIL_00321,42.1503021448015,-96.24155930327869,5,5.940750271862349,161.1236605433211,7.744103776420285,157.6004382711406,88.31040762621677,74.77218191155708,5.275690021983808,398.3246075123373,3725.6818263077625,6.635215950615294,16.271174161408116,37.94848588743115,28.312152625840508,23.467619533595844,20.33111240970644
USGS_SOIL_00322,40.84473704122555,-72.2214186132486,20,9.090445776850107,4.059506160861252,7.432247630694254,2.0041758137400203,3.4900995718758803,9.764202334655096,4.9597738436943315,146.8789765011461,8989.79945043703,5.2777424398938075,27.735743662163003,58.568363153543594,32.83130822319525,17.441341886975366,32.15908680624608
USGS_SOIL_00323,31.718413526702626,-77.80853989910841,15,5.900545721578096,0.8753550393660867,36.51802799901509,856.5487989716177,16.04651100643301,121.03747029695558,1.2422131752788823,714.6107434398399,10124.443101163964,7.395354242404021,20.907425790987283,70.85965393924936,28.97943609371152,32.80726393511132,30.174397708201518
USGS_SOIL_00324,47.91676673591666,-99.91240323631523,5,6.837027088627829,20.267805089691723,20.137566355650424,6.533962376927308,60.1881553132532,42.05316256952148,14.119460208994662,285.34692771773626,1461.1030646078082,8.211658394953776,26.122570059270064,57.05020491869992,5.23207933122913,32.45132828457413,9.428441991717648
USGS_SOIL_00325,42.709526000698446,-123.67431080911308,10,7.898886247809635,6.066110548325885,19.574622086687686,3001.4166019781983,157.28594511212822,2.533088414100618,72.93786884416387,70.73519877655623,1423.149781836064,7.446547960790285,12.803479490461974,51.55072994318142,35.01090009308772,27.46316284155047,6.709456816226037
USGS_SOIL_00326,38.30449726027362,-109.14803579628818,20,4.372451400600452,21.875070262419513,24.62842798082334,76.68911732544522,1.986144825625893,95.32187625947702,4.391156845105022,4370.875811596757,855.5645529227148,5.9358120376674774,33.25714918514987,35.203392513511304,45.19336351090644,-4.14845416454234,35.72795473998622
USGS_SOIL_00327,39.681297909624455,-93.04358133500885,5,3.858786782028836,41.845967076061044,1.2173079413939947,97.18982609053371,51.449546056191636,15.795776618918532,8.215522116309986,315.2894843860584,6895.1862647985945,6.274306950267341,20.90265490743272,57.75237898736676,31.166617511695033,32.631560741743804,7.79408732970057
USGS_SOIL_00328,35.07040149826696,-87.62478503025731,15,4.211515528144858,24.146824089235515,37.90879032834416,42.28921917930577,83.83730133725788,218.34231804335607,4.960081494667607,99.26517380204837,16959.5119094063,8.53211961861063,29.93972213855749,82.34524447593948,19.688939467057367,26.358068179775472,10.191871325189958
USGS_SOIL_00329,30.94554374802778,-109.78462655944107,5,8.393876155140774,745.7881376252346,30.52979802254165,83.42284995842941,259.6615835916697,44.80797960404835,1.9035078029782924,516.7769232248343,2042.4425243994021,6.259487233048683,15.951370804283405,44.28958064307361,24.86872753635717,36.0512691017035,5.774664644534132
USGS_SOIL_00330,33.543344287630276,-116.77799162970338,15,5.672212781161329,98.31145744724752,2.651101746877499,2532.7544129719254,202.06150571234014,91.08177903774127,0.5041344234074238,736.9774899774719,2231.174310148423,6.966826575027069,8.006340471515736,44.36024630972201,47.69913067655593,29.89971673386831,26.99177278545288
USGS_SOIL_00331,43.188306651144856,-75.73911602884135,10,10.337298928502378,93.7708319187487,8.447573914954864,1.0246823754205026,169.37481681428235,7.975512269058073,1.9214340730494783,48.438740234712725,17329.04142742454,7.891845151671736,25.211349431625464,41.58366303528504,39.09962540860559,32.62674141997829,25.3829697105422
USGS_SOIL_00332,25.34544372711414,-66.92027133849042,20,5.653628602013917,167.33082808000765,11.484968214358874,1908.2288214006944,18.543052475497007,15.474631155605618,0.8433695373871279,1093.863824847023,5468.006703849581,7.506838521890561,5.232789450122734,42.65878648258369,36.40026618384329,27.029238801443032,39.541628325233944
USGS_SOIL_00333,27.78574337216599,-93.98427924414153,20,6.776826954795555,7.029393211858149,9.956790925023991,291.7936756288155,3.1493515692095113,19.578860827929105,34.63700065145183,138.2776536725843,5031.5473787786805,9.113088608532614,19.258789296965247,8.82050669491423,33.56412583534376,30.7895455891641,36.04263387110102
USGS_SOIL_00334,26.104063408522066,-114.87092213495009,20,8.813164928851814,354.3911396236591,20.101409758670197,13.275984207249406,35.55623717077177,208.94362201198487,3.9034796265698932,8660.634041118703,714.0123026772377,8.897396766416207,10.784057079993778,56.07553078783569,23.388628878090277,35.95298992587552,19.37951121183184
USGS_SOIL_00335,25.977491255655284,-108.93386773535724,10,9.509139332238684,47.63769140958371,104.27693251142146,17.27698404830667,331.16307253762704,915.3246014520303,2.9591344355290254,1459.6336639498847,6730.964212206752,6.8309692159732,23.821265133060866,37.31671735468079,27.994288193442316,21.73243790702565,18.005504431938725
USGS_SOIL_00336,45.53105401626417,-123.91495008369947,15,9.592255364954596,182.5209773926504,61.72259624556541,4241.982689671041,619.8808263749494,10.49281615047385,13.026484962072614,365.09223300890284,977.5372429988379,6.7304737879424446,34.382596194135566,25.846053218122996,29.22077264321484,7.422155647374963,15.389821199799478
USGS_SOIL_00337,41.887788625120564,-71.05637041293056,10,8.312549345889714,7.930031282967743,1.701773954864331,22.398326362606202,207.86286589287022,310.544329836862,1.1663726999118007,217.5107652103682,764.4646438461705,6.9055765567019245,18.93208718961938,61.29784924598823,35.49574316064444,17.540312799878862,10.334242201325848
USGS_SOIL_00338,36.3801718980958,-118.05268610948167,20,8.036093788717194,3.3308722984351626,30.97266327045623,14.78035565967617,132.54806262992156,0.8999470489341423,1.7856154654872716,568.2425991158211,1966.231622544922,7.892213988104766,29.52494769577,33.76973322437096,45.08918894266903,23.119564795067493,9.832927981070316
USGS_SOIL_00339,27.348019855624035,-90.98552794465904,10,7.388790423801774,237.98350973541682,89.42497265008627,1443.2157820860216,122.41579886186926,5.209370786017708,4.863151687489456,1667.67565467184,1475.9376059297138,7.018931483901244,20.233525608533633,44.91996419174364,41.183381367931275,20.599100674972462,9.629929780336191
USGS_SOIL_00340,36.79878100280398,-108.83074197945484,10,7.667541614249957,107.50497730156196,21.76303266415199,292.1027875756337,27.390877094096705,7.95816765183041,15.402391502116094,640.1860307236459,2284.906461805625,8.127982678939933,19.875200933120723,71.9966358678287,15.806156442039594,10.027504270724588,8.99401650153725
USGS_SOIL_00341,36.36332249873358,-92.30349785156818,10,5.6732214255072,10.765076123245917,62.581558232501024,22.740531180877223,54.157882478019836,3.917620127116318,8.182699056538679,480.22838330352806,528.911985273274,8.242868630443255,32.91270479536334,28.861763029632296,32.23994968901049,6.9514589984401685,13.417921484193792
USGS_SOIL_00342,29.156844877840363,-86.56619708724001,15,5.272701674866539,11.411326944131725,249.23735330336947,228.8919254318497,963.4409907732111,2.584522828287365,6.037500917943789,726.0039359485553,9419.898266346676,7.6926031631753276,31.698976062400444,27.01102648103357,37.36763345167897,14.070698650921365,15.733402060959074
USGS_SOIL_00343,35.412439581711354,-76.04523358127511,5,6.494938313883572,413.9654896206512,56.57483749651567,19.077213888060253,14.759798845606223,94.00970690149158,4.922129599513448,268.86559372233825,11535.950324879499,7.463826078119016,28.57401395563923,54.039592843435074,36.188603301446356,26.461916447873207,38.65526398636206
USGS_SOIL_00344,34.56411362553696,-112.82114496612441,5,6.244723066212607,,17.707050497576567,1341.6329854341543,883.2833688406557,30.40716112791872,7.244793164429469,397.4984798202269,288.06583018026896,7.100853169945975,13.887672599503523,67.24231046015552,23.707662366125806,32.642718166583755,25.246563785066
USGS_SOIL_00345,39.780402353253194,-124.35124610914966,10,5.820157926009087,1050.2792034592687,58.418505294789135,1239.8453458676256,39.835359710892426,88.49355422001155,5.708655239178863,29.116683954125975,9644.560597891326,5.989552909487727,21.350252471718218,26.384874234020554,59.141092157683616,27.33254091022161,39.56585210796484
USGS_SOIL_00346,40.24224762082345,-116.92374782594037,5,7.544581171185073,10.792837046256393,15.139871335316274,430.09770234922655,555.9572342924422,154.9110118600036,1.3021715191752128,2865.761380728094,1127.0576251795853,7.393310023067357,11.71691699917055,56.115346052557655,17.22915437668881,28.45941829691309,18.036343173898565
USGS_SOIL_00347,26.08729623452907,-71.8989001309618,5,7.932957812855766,172.27731347098046,12.627217015432787,305.91953886602204,7.022336411417336,72.10407689581697,4.736483894157492,1041.2702806254083,8336.265759135553,4.455277994133279,18.317500941396194,58.714993099425385,19.168115533339503,19.353475414691538,21.016932140630438
USGS_SOIL_00348,33.99070275103531,-73.4404854238116,10,,30.21947982179159,7.191348069427951,5025.982568008694,170.28043947681294,146.05360576151236,1.235620915470325,208.47439625243885,2745.9001091260716,8.996071147312342,19.526391972793718,19.112592744615196,32.33595081261576,6.063340338352289,16.360253070784772
USGS_SOIL_00349,40.020637977141675,-89.75262697195181,10,8.716295121582892,161.69912833669517,127.11854016480689,148.32008201488762,20.515235033283123,39.442419916598965,4.9396725890393895,11477.024794388863,3085.690316843593,6.474071170783716,29.949201205079927,61.9775200686083,51.16803054963853,16.358235352938358,11.401067781379343
USGS_SOIL_00350,37.07527020592211,-89.56950523441445,20,4.787466328799742,20.503483451955233,3.5692553945678327,13.960776921083768,6.9280091564746105,5.277285739481925,2.5173895461125086,757.8797414298946,2387.2153036365135,8.972435142959496,31.880850959749793,63.14908819763269,21.63805149295829,17.92988470502097,10.010764772215271
USGS_SOIL_00351,45.55575618851974,-85.76283620177092,5,6.209510811080423,40.730319626245056,121.33454764929971,364.6535868005039,94.5997154246778,300.0849272651687,94.37327670655078,140.5811134386997,12766.183567006316,5.524144309732901,17.438601871894335,45.32321640115963,27.341716343530077,16.023580105314544,38.07777192327411
USGS_SOIL_00352,40.80864715885468,-114.65309456121648,15,5.424766519095792,58.77135143684457,25.78508401044222,9624.758799735346,335.3433263357428,15.480763071852229,4.272190697108824,2404.521331587445,673.5043030857618,6.972636327723112,5.531133352197116,68.78519543447013,40.77293673015693,20.43755892299701,39.538373862956455
USGS_SOIL_00353,28.910426249954313,-71.04969519042737,10,3.70019507439041,8.989548094035783,1.4933781041949792,19.501297730322833,17.254857503629466,8.297270972376646,0.8310315824333575,1208.4240174924398,6182.069756783021,6.971180152564408,30.85321519368064,67.04683361487268,29.821378451122666,23.531358079143605,6.571832377805604
USGS_SOIL_00354,26.693649937610317,-100.29253903136768,20,6.375978971235951,207.15842148835705,21.14649011026022,72.0294070306466,6.059179914398268,32.4515375304685,3.8151643630921535,1202.15370130983,11176.80801970541,6.143062708197831,10.22836035504082,51.54676888575807,26.653961454697043,26.82412150594798,10.262105615611828
USGS_SOIL_00355,40.41806267695158,-102.39482683327965,15,6.3173787374250745,21.676215084369517,0.5220250198623079,341.3444470789533,57.57269309411548,8.644647517088787,8.358094702859288,351.20376883931465,7041.7225290723145,9.170172102293273,23.656458916711806,43.228319145125994,35.6563290188672,17.775041085069326,19.82334323053579
USGS_SOIL_00356,25.636271452998923,-94.38385538831258,5,8.770174614863198,36.18049467156685,31.13280309608184,133.2451016791314,57.9803102206747,21.08633736318504,33.38266440277605,1307.3318528822815,48515.50406030646,6.113784454516309,5.749127013023935,35.407581611255644,32.725179902295935,4.769924754843252,11.521671672054257
USGS_SOIL_00357,39.05861395056312,-122.22900796027176,20,7.446217526832166,9.117276459911672,45.9634825902136,20.809150945178146,160.3423800200273,83.03789408220248,2.209258900329645,449.15254084565686,1580.1323443031881,6.311592841489395,16.98519425781693,49.43654735950713,40.30438785636791,16.13697824567092,17.735813776940915
USGS_SOIL_00358,47.56552579419898,-115.18928124339132,10,4.963719763506193,0.5421564934954257,5.010151060917321,1399.2836589290707,304.7071995950119,83.68126611529276,0.6710486983722572,1531.3610245125965,9402.82812258391,6.785726936540721,34.5788090634605,58.54638379556268,42.914688890653636,20.34968317593587,9.518372245087168
USGS_SOIL_00359,38.81138026902109,-81.45601663084415,15,9.281138849501282,38.71201540074686,14.66291539383131,15368.595361491529,60.63884594869836,8.880926440380398,11.94370562559623,38.190367303509625,2624.619566802172,8.181593095823146,8.020808033114093,45.137347084390385,33.07003060005362,29.782463377067266,20.97791148526266
USGS_SOIL_00360,34.31607822895653,-120.11487859241754,10,8.33155054328803,4199.445446067458,228.43144664209706,219.6999865229982,1298.2926104929086,18.580828599271694,0.8549447371217888,346.9531670384687,13096.329664155184,7.90488059346102,17.710794559989267,17.03748492106955,32.91732725378309,15.457537262527158,14.509311565924074
USGS_SOIL_00361,40.438917242616476,-89.4140255414831,5,7.373146555202924,224.14377938921976,5.705210862368627,24.33372919238106,95.46651820065804,309.1415951239363,2.6554482429789585,8806.388004400158,2953.5797998842286,6.044712013911488,14.214498505698565,69.03070841864856,32.14110982286134,24.100349027195215,17.316676951553127
USGS_SOIL_00362,35.9980693717964,-110.52440252880206,15,6.160273851725252,52.73773937751303,2.488396729638304,6.699808540159707,38.31025406036542,109.23704130914275,3.2898942367853574,210.48172176870017,1871.600192349911,6.762531093166566,32.15264370164793,52.85334832767341,34.891305566492875,22.32070319708346,8.300942801196165
USGS_SOIL_00363,38.09480294358244,-102.03155877152338,5,5.0608411449147805,34.01482664735135,112.44847353406078,248.62654776213014,5.060636295212394,1872.6635801986176,4.122417883042937,268.87391540677174,14289.590936342998,9.07855230312278,31.080203237220655,44.305632549847495,30.551706378714638,20.351204264987107,19.98448177485496
USGS_SOIL_00364,47.59515541063661,-107.9670695305287,5,,56.851272707529034,231.33821774706564,1349.8580079878864,43.804859884491215,373.99061844742835,10.247126742561926,339.6983413027918,1652.6340255832695,7.846124892025065,12.130962809186865,62.857375826349326,29.993915176777104,27.44426655459673,39.414016383654946
USGS_SOIL_00365,34.26646330721859,-104.015309728568,20,8.13312292955628,146.17644322997606,12.250215243958678,383.88210721574785,38.93061220708619,350.62859291869086,1.973165017208331,107.53224931075268,547.1533384212224,6.840529736716345,7.435633611512936,72.86957894724134,41.966271208272424,14.713270425979353,16.50915664084166
USGS_SOIL_00366,48.06857353177394,-82.57629159412951,10,9.326879458901914,6.51780023958427,55.545058326660275,147.70134830406042,309.9737678470029,3.6760419238652253,3.2269095946994995,24.22969230104497,1603.2430133121447,7.041751586683699,23.814151821833526,7.971326457681627,45.16116180355043,15.398508402851869,35.67502461948523
USGS_SOIL_00367,46.72841540694553,-107.46981877823268,15,8.814865292408284,405.7669785619839,91.12333087570012,45.670688216667436,139.7665874187598,176.78753298740892,4.405596112035921,470.6526752863825,6265.662048607328,7.818674953482489,15.091061356511293,56.513954748831075,14.924470553665792,19.904793415246175,34.51196995682898
USGS_SOIL_00368,29.698987234943115,-91.58212622248307,5,5.766725867320589,197.88506211905255,3.99991716114793,16.704409634936138,10.104788348264744,40.62597973632491,5.362967977739287,815.4899808786327,15842.42111574446,5.867006344189454,25.162531718181892,28.60026183784479,30.10021151740569,14.878827959250401,38.322044640402375
USGS_SOIL_00369,26.66467122100397,-96.91302627025311,5,4.820573850066483,198.88649920863452,5.882849462226623,788.003595488208,87.84790951329019,16.580590323568803,5.039932099391193,614.7664239392346,3406.209097805714,6.877416611216024,5.9635926820344345,57.48665760198412,23.113055665547652,24.0640983284368,32.65383292934831
USGS_SOIL_00370,27.41867203305824,-85.84340124360375,15,6.711329370366806,120.21193738504718,77.19323083733502,922.9206330441586,195.28301684188125,60.48694840727095,7.562538621106521,535.2222906151529,14499.022040927328,3.8248841619953877,9.001977055324684,51.91890803561869,26.890285335139275,14.294461565070938,28.085888947058525
USGS_SOIL_00371,25.437323815637193,-69.72704537983927,5,3.8473409516557227,56.56045034726737,152.55442506678645,6.74323935961627,768.8148513332333,245.03002702010045,12.337055942015935,709.5005744649884,584.1688654661071,6.15319194367601,25.5911669831793,59.53589789660825,34.02516209735322,21.810433661961074,34.980455547961014
USGS_SOIL_00372,27.26663105814228,-81.77824626459523,20,6.984751571277172,183.30477867397275,28.34133359838825,3567.7055189291227,275.89113454820955,110.11187163068058,7.179006038882688,3084.862014079848,1751.2478014248634,9.322433078332244,11.371119659074933,42.511285782580174,36.694383715424685,19.198617849705947,7.647563823007237
USGS_SOIL_00373,41.39216256199256,-112.31851766314534,20,6.278596120551997,158.4224882746933,3.255280573842916,467.84752511096184,225.2823821072487,9.19580275419955,7.723770319807331,499.8613305747573,2108.453162782934,5.11172659885025,30.727630272872048,21.90139832271272,28.87873556388655,21.719407718213645,21.199073001958272
USGS_SOIL_00374,26.708527563045497,-123.1601950313842,20,5.800945247197637,28.86779807182133,239.98865887768977,2438.6241597332755,73.41568400849211,170.10672674854357,0.6712136414284582,281.1465698871475,2598.0818117948293,1.5667259847852189,6.757726631304063,43.24447713114998,10.866596652771971,16.322068839495685,39.62396835152706
USGS_SOIL_00375,32.65541512705027,-109.52642138631032,20,4.1079453990998065,19.44357747873926,5.493379573490091,10.132463761274238,124.12625196981357,14.187232270520727,4.760121718352331,436.2920125275785,3297.4781749378817,4.319032802848813,11.46445948356724,56.102714527096744,20.349544194238206,17.287293643785382,31.936005295315628
USGS_SOIL_00376,45.27700746326691,-89.89040208868497,5,7.270400159854574,65.58462749166785,7.3690833914505545,9.66345929477339,492.3588601326565,66.02474619725287,7.967805083746935,1586.0788855421938,6830.090131363286,4.8681518949337645,34.95680745455206,65.23088493012835,38.964996702001656,20.7680741439764,38.672638231302805
USGS_SOIL_00377,25.55852645765982,-121.96587700442923,15,5.700948740507133,887.347142480947,20.35866768625471,110.17404916491614,7.905479795658806,25.89292793044402,10.748104715386068,5530.537670977316,1748.0074080046174,7.193700898935161,17.99228307760378,32.422530492912124,2.5957357796506884,21.6165960492905,32.287202464671765
USGS_SOIL_00378,44.547243582134456,-95.71439141512705,15,4.745124746434568,,125.3663976631829,405.68169668048233,38.1260233468859,30.145653397981796,1.9526336887132278,259.24780782668086,3522.176580909356,4.049012123849966,26.088969906339305,65.40590640309526,41.87427151682,19.966384676870753,35.62086886047504
USGS_SOIL_00379,31.764514594561597,-89.78627191390353,15,2.191606680077526,3.890176470021999,43.858299222817415,5392.26957040584,19.373187103113608,177.5473537583826,2.0322689335231323,771.5493843234921,2823.838847384658,5.008684854703419,10.47989146571041,40.28191565530218,35.212299906445416,33.64289885210467,29.728537130611684
USGS_SOIL_00380,27.83595586291975,-105.2796104417993,15,6.458727642424045,73.44740076844083,22.69848655191439,609.2068271046135,122.32054167586953,6.8733478663981,2.2503352152160074,1104.9287838870562,981.3528857606125,8.583384141689908,23.29606204956613,55.436748223917895,43.16176081530022,12.074104650069726,31.617570154603392
USGS_SOIL_00381,41.72169196873962,-79.5161799789965,10,9.158377395004617,59.83542419068776,24.40853326601951,91.34444275951076,477.40036623112013,1482.3013624991618,8.530915474784937,150.0746729522428,2600.866592028515,8.20969223535952,26.783182051082555,42.35159070701551,28.014308131190397,19.486369640378292,23.311230344382523
USGS_SOIL_00382,40.09462832271721,-118.71070306510747,15,8.991888821821805,74.59063744137958,13.004195068271175,19.05370526326324,25.657633796733464,1.6854710426473478,15.497167509587708,685.8272342009062,2508.9222667565837,6.55750213209717,14.434299075995316,52.73255941568153,9.385945759770951,7.410967823064123,37.34831952849465
USGS_SOIL_00383,46.05932832464927,-120.56687087758728,10,5.814355615120592,84.70001309269762,28.140484577547497,1737.15004714591,1.4557380342410022,15.244185781736352,2.7484795592932376,73.8096302279496,2445.2516525634546,4.532266930164251,29.866913359276335,63.378164518554115,34.30362641506498,22.97665182933909,33.87636187181766
USGS_SOIL_00384,42.64170505129326,-82.0368633839874,10,5.596681909457329,36.53372993446783,0.27407866464845726,21.55459779390766,34.48232272569249,87.04118538733583,13.323838194606623,46.82534163929092,3096.758963442606,7.777933942092697,23.102527354168497,31.594788840671963,42.74653124038341,11.078027708985488,34.53597379829713
USGS_SOIL_00385,44.28354232923637,-95.76601234383429,20,7.203161384112535,797.7172325535607,7.807531239589256,3854.2707937510118,287.5963605545917,127.96611465099822,5.197489762221371,1152.9966465843104,3264.324890744694,8.867533133265976,16.673690288450906,39.80141154879753,39.24721805513421,17.77351795298739,28.55531853370683
USGS_SOIL_00386,31.768829741711357,-84.38425861076357,10,5.002421841217563,3.0598712464094424,17.496185791022782,84.03477495948331,157.62327408422246,37.305609458533596,3.860733021555684,373.9746027427621,1774.449982846187,8.974900200653035,21.729271800294757,52.7744388101313,23.373085165119647,17.023485397349393,15.660298148053716
USGS_SOIL_00387,29.25854905071335,-99.34518702237898,5,6.952687849729199,12.289009856926025,2.1672928942119687,3573.011745228823,132.30342997170789,40.313916607801865,3.477587910235005,900.9237370226955,13728.890413745938,6.992332770485968,22.302825423077728,86.02375491545529,30.86761075462647,22.24712901280937,6.247042838654877
USGS_SOIL_00388,43.0147540393806,-110.4622800388927,10,7.649120417577036,45.337814059512894,21.74719919757125,577.011721072282,42.60666587617693,93.59623455767908,10.978443162205709,647.5250852275833,732.6171390929868,8.345256322128758,9.966058780815981,37.05215431749758,24.671637312200758,15.577672659638559,37.74792952933406
USGS_SOIL_00389,44.364033742414335,-76.67296325722222,20,8.340399835826462,2.835618672271329,8.964686781493992,112.84430323333986,8.615395886165512,29.49069944471232,6.623960011440249,153.76107352259737,1254.9309998260437,5.917455044355132,17.081971096008985,80.60200828995379,21.80733535810628,15.237554418448141,25.51421220819239
USGS_SOIL_00390,48.77212340801616,-77.83446314083022,10,6.349768885280071,39.783890618412016,169.56113622346763,52.52069363165905,152.0897663465742,548.7957127204365,68.78533121874587,621.4892084315383,83780.56589955467,6.158192592285278,15.302917640584793,80.06634955512756,39.55388571179851,31.486851712687184,15.435003990184908
USGS_SOIL_00391,34.902824245874235,-84.01290821958882,5,6.194489374734551,1086.4234029441855,128.96352182497773,75.05222805956141,17.551670032728246,202.51792590511428,1.6117659293176427,104.62139192973758,857.8337996415585,8.352712806731674,17.027081677373783,48.540332739476135,18.024676887348377,22.27653432379621,10.219728774663823
USGS_SOIL_00392,33.9284340590268,-108.9434369034322,5,5.183026119865159,56.68987815044759,6.057466517953124,349.5453761106448,2196.355716638435,215.09586915955748,8.345496419778227,5358.602738696529,587.275702621199,8.411323054151058,27.83331765455774,45.5277121070015,21.061835694183873,15.511593183821855,34.033310792526414
USGS_SOIL_00393,43.63391105780792,-90.17639065472386,5,5.2596794689402095,82.70347581047213,9.715702903933861,173.17679211539533,166.1367980073759,7.853174916061632,2.374908209780326,87.01186448175197,7196.658456431319,6.550798029637674,19.47615222400018,39.619022020029625,18.959743665276143,17.993330625510154,34.27820680566526
USGS_SOIL_00394,33.17928496607243,-103.70254008053843,20,6.16028166214771,5.650270514525916,10.903443443438656,45.257897434763926,26.33668188523874,38.74884062782131,1.5791008702788327,495.8741147214177,246.52321695348363,4.828848315039506,33.20948459717793,48.97696204500996,15.097524767009533,33.16283961816596,33.5077788845686
USGS_SOIL_00395,47.33817581448555,-119.59665767372859,20,7.051048260224267,18.00319902162683,6.187374134324565,106.56308736206648,25.07280027502164,26.027698354666573,4.423624733916196,139.29480938078035,2247.7192356343344,8.227936052401608,13.810292400753086,28.89920851160663,31.464142918426035,18.118680973991225,27.577894218837518
USGS_SOIL_00396,45.60190604423228,-70.87849904772767,15,7.870376939349875,,16.322384958830263,173.66949855973394,57.471505555483404,7.314930429464315,5.284737637794003,1564.9853783780652,39143.50980756521,8.266064805577859,17.471107348547868,48.856414740191035,41.615030484819755,14.485787014780898,17.810538565715657
USGS_SOIL_00397,35.29585665700044,-116.92770077578128,20,5.295231573979483,30.818428095167754,3.906246336587812,2.101248750659502,45.45836830353687,85.48111985101993,148.68177237177392,404.58139624974194,466.8821607636903,8.365808746528351,28.60870431437124,72.45320410776284,28.151232437547343,14.52003079898886,15.642459967308994
USGS_SOIL_00398,43.02090562699594,-68.93599612457265,5,8.739032853439284,548.3747101950788,2.2346329750346454,371.0497792851492,398.1918964009981,16.983421052403614,3.5931347869123695,305.5153187517742,276.3429362621301,3.442454352630252,21.38073779962251,40.833724062849235,14.942521994358335,15.606988152083382,5.299416954135957
USGS_SOIL_00399,43.10902897803238,-98.68565939548061,5,6.093314598436147,148.98474368171628,31.002468670613453,20.91690221523239,89.86116530740448,145.4346571126755,1.154636440875267,2391.8019565951495,493.2334333661851,9.658987038363655,21.41084439273343,46.38913544016424,38.39944539742028,15.24401822058622,34.17626455408841
USGS_SOIL_00400,27.474972852062383,-114.07715719852143,20,6.467949058477346,7.384444384801125,31.321174685209037,14.780890936703456,20.684594946841123,6.5120557305203155,6.219023252085393,695.1626781923359,8760.703439474933,8.322602778648315,6.6002048901555055,24.482892885991372,46.857017540349716,9.762817213206056,8.060144412277486
USGS_SOIL_00401,46.6612697603096,-93.02784410467687,10,5.379182481278265,85.08992182922653,3.645619684625194,5.080000224476004,1372.9336726329336,986.6083015987368,0.37173723008126497,1443.703071140341,11495.742908907188,8.017342253919814,16.957989881553672,55.61093132196565,23.537576758534055,11.006399224424175,27.076424931426867
USGS_SOIL_00402,37.126056938748576,-73.49619568329192,20,2.863639609590588,133.86062507702243,46.66680723633793,4.105038018058143,72.16053793156867,8.9048957924534,4.013452569882657,152.62914577757684,1611.4560749283828,8.720541889921197,13.122011972651975,53.96722527427061,25.214457332822818,13.36543700510904,22.642623139403092
USGS_SOIL_00403,44.8349791865858,-81.79873170183589,20,7.826068094541575,425.0761244926522,4.7238937485942865,9.866103504392521,228.18198297998393,66.33676092521128,4.568707484498783,80.86447329052966,6767.282518464137,8.695451067757013,34.98005368493346,50.95553539648656,35.15660630083394,24.732568147624782,23.43412756242229
USGS_SOIL_00404,32.68119042473468,-77.41289227617446,5,7.60526584563865,939.1481451464375,17.809782002577872,35.943853096135584,25.199838558506524,185.9256306789647,11.629214920132293,781.184957402687,15808.552863274263,8.895375841106196,14.250652118969308,46.74759424666785,46.21873747785051,16.95010170181701,37.43494958577207
USGS_SOIL_00405,46.49255748390881,-86.13178136406768,15,6.07800866432268,8.783109083559955,41.7006209223736,7379.921458462541,119.2217261511234,16.004136589038378,14.416115306079345,412.29143539963,25458.77349924729,5.704024198764849,31.534896043815905,45.60863121841318,24.801658542747738,18.34270648724768,6.106525394493474
USGS_SOIL_00406,34.34084028961992,-84.1556826934467,5,6.600486075837308,12.685460306030762,11.583493990667604,51.844074585344586,109.70292009357186,207.3573344075267,2.449089829352826,1702.157781943054,2218.0809466636956,9.30421138869474,25.287012051214322,57.52850350551008,16.67550219001795,30.160704202039177,32.06872786200703
USGS_SOIL_00407,25.26010363552716,-74.89745655764617,15,7.273908826556149,5.676641961567384,24.09757873957054,211.76987981220947,3.2432020624506377,4.891355796028903,3.740664174573305,590.0087226872607,188.3371935127236,8.046734121708552,15.227492275762714,49.56775097617065,36.31418606272406,30.360057199507345,6.82183394285575
USGS_SOIL_00408,46.729167434062326,-110.26958747730802,5,4.156181214670186,35.82923762778195,5.614516827457563,330.6177165437571,1676.4607885163018,610.2153078193405,1.7872086749726057,904.7086958555707,1113.1457478019747,6.755879808592704,21.30603135122371,54.72457807332998,37.99068073142299,17.74300045489812,6.335376207738202
USGS_SOIL_00409,27.190880242867205,-96.12392714505471,20,5.706420983980558,126.39919006813244,9.072974184360923,192.89198565759963,525.8579595940436,45.85428617744463,1.1575722618003157,58.2606090274051,1786.18076063602,6.801930044176503,30.216076398475813,53.22474226181822,30.061314504352268,14.953091914532727,20.04361943494837
USGS_SOIL_00410,32.66352730216995,-111.94864293264347,5,7.69139701943274,322.8546202709358,8.946038903275971,127.11765546096254,35.3213463686315,15.278696395312888,6.500465145950946,11301.100726953897,2184.7866158391703,8.813164307089608,31.501048940927355,66.85140930643642,24.418667403425495,13.084557490611697,7.207631102003836
USGS_SOIL_00411,47.80148720921932,-66.72758752819783,5,,47.62168179593873,3.975428258099456,13.591063386238242,11.431450987302888,26.08793141848437,0.9720941099076258,519.9002792187557,2379.3169240975926,6.61456357305214,9.811816250184357,60.15491146062581,39.94378730992047,25.542206157665902,32.620038295251916
USGS_SOIL_00412,47.81457152650135,-69.30049895848981,5,6.940336898249944,30.700362371066202,9.344974903277391,2702.2906914951614,116.2913385963954,191.72358723275633,2.7249435691003776,1893.8753443610485,11414.885377456916,8.027669133957042,15.18719423624509,52.89292764725286,35.28036004547964,18.3623421318217,23.534708277691802
USGS_SOIL_00413,38.76250931495886,-122.67381812925815,20,4.465127293064892,71.74831614828307,1.1937176962389098,5510.404366896824,76.60913450604205,15.611073070495678,1.3576988547762108,189.77942840721337,13757.151982178872,7.987965198796653,15.056695406407151,72.7763304597827,22.31564483096507,16.90804087741768,6.016357393092106
USGS_SOIL_00414,40.164093092075184,-83.37106482157438,20,7.199644973650289,12.14287741696424,5.831471554816397,5.127830225685187,117.80966547228115,11.601752439108704,8.667841722674643,1055.7586144398952,2425.98186762524,6.68588177864915,6.261343882278341,56.304027935848424,30.490947313056715,13.490683398899577,6.4175240268671825
USGS_SOIL_00415,35.76269252747967,-70.41034927247571,20,6.446537776553774,2347.6490427364492,7.946143844188795,19.143109204865222,90.606307869639,30.00110230086409,38.92809082219041,94.22945841408645,11138.71159739049,8.918523798498292,22.947132795556897,69.57444033185628,16.482924679753534,13.842668727908892,26.443398540881777
USGS_SOIL_00416,32.03705852075355,-114.34605463748733,20,4.077302276141736,3.022880398550502,8.295642452840358,84.80710420116544,149.90257497147746,5.373439450211626,0.9399716353208082,1310.418403767769,4578.806437398902,9.494513402685133,30.64460158976564,59.10413912579957,36.8589045643792,22.560465531945958,33.213913618044174
USGS_SOIL_00417,32.88794908887798,-91.49123139739487,15,8.247109031685756,76.13690048424199,8.480367882166934,21.56182543610637,675.6594108854796,1184.3851217409897,0.48499234121574375,389.95793464479334,3220.871220887052,6.928500067081175,16.447231634765533,22.371213816026856,27.37766430617144,9.476493872901903,20.322983594617074
USGS_SOIL_00418,41.14044294584892,-70.98619044230553,15,5.398112634802926,2084.9313220243557,11.104536296679763,408.27097440749316,165.49899597887807,16.12691694318231,3.8579491638407735,694.9123732098308,8847.170669552896,8.490756280765016,27.20107834952531,69.57252144978995,25.64289167615263,27.958949550303508,24.410323503746856
USGS_SOIL_00419,43.05698870650432,-122.99718726343787,10,5.2846213444784285,55.27052254510345,25.007162332306546,34.586228935281035,12.435449216131117,199.71876763000793,4.566912410102376,1894.9752281128983,3250.9497320663945,7.96648512640361,23.831012408022197,52.02764362014004,29.67125514847566,15.729242849480652,32.994030891746554
USGS_SOIL_00420,43.99789704942037,-83.85220423243643,20,6.800853795846415,38.78097289315267,45.23067970838674,11272.395451631604,589.9870363321161,65.17305721085495,5.82635253942954,104.70946690915665,35220.141953337916,7.810137896374584,16.269462064790027,49.22067843648833,30.403076993302477,18.80291244598566,26.36771609146367
USGS_SOIL_00421,43.95083542706929,-107.4564085650195,15,8.222956024143073,28.691423316021222,4.596762078784537,1605.35017395692,920.5610320091478,7.597647874040457,2.6232536060869385,238.23614891609614,530.5459654621529,9.880717553407829,9.231793984768913,54.22022521234366,38.9493006156556,9.304176334875566,12.866608318058681
USGS_SOIL_00422,27.18894647316857,-70.4606244727847,5,4.976267271532405,39.460294855423555,2.0041072843937435,227.0449603906632,10334.992797576842,44.224614508773094,3.52271796713313,1320.7914531628562,1606.470669648084,8.535439316448029,26.27971558327902,44.82525257064399,35.910905313252215,19.901072494061083,26.45682090543175
USGS_SOIL_00423,36.86608731286196,-67.70756353524331,20,,646.2117616109142,2.5521429572258705,1157.4476135215268,11.049769265733344,183.31482002165464,6.965800222895172,15480.434447287,2561.062072876377,4.912800577949642,30.636955068237214,53.40543290583418,28.435907212071974,17.37343245847552,26.989781067282475
USGS_SOIL_00424,26.38141024039946,-69.28827714230741,10,7.143224750495859,1.0188235299505335,5.86613285263308,1355.3308167451949,98.35773810919692,31.852937177646833,15.61945216563383,540.7064352441303,5051.008617425187,9.041817432307285,25.575634772044758,41.12185900485361,37.636681497189954,19.599355209148268,30.693744330839433
USGS_SOIL_00425,38.18869317576966,-97.02136121720963,10,7.539658410894717,862.7980568198909,7.1858802433178735,48.043412242488614,2.3836718070481155,382.8346996950456,0.42910290184263855,1614.376635420488,13650.788773168691,6.791308120663897,5.536354521044542,69.11408388101555,34.00737253691613,31.773671186895122,26.730596564488042
USGS_SOIL_00426,35.59673203296105,-74.13948359163051,10,6.7646623329158375,4.207535673469072,3.8382091886687233,29.007821801606248,161.58618445634437,281.104843140289,2.8785096373162222,566.5372286258214,2894.9459488556367,7.57731564330647,11.486986831729737,48.29617829568424,25.73400363713963,21.42158436632192,38.92347456603133
USGS_SOIL_00427,46.30490038619919,-75.17158548643084,5,5.949458241375017,33.785300362617896,1.7433786853738842,173.5188303786177,27.740113957443377,233.70198571998623,5.792538088158,12251.067954528724,540.9486841185296,6.740438123746069,7.084399546505957,44.2612423591635,28.75281841763514,13.642726526833568,11.905090805097398
USGS_SOIL_00428,33.42196030124989,-106.17307207864792,15,5.258614669026921,25.213007789454128,6.146106296483492,831.5340509239505,1447.3842947645105,19.543012582973034,1.4894823961442958,48.38391866632481,8192.8465105329,6.009737900694436,22.111582987286802,36.12611276421089,28.51777111156879,14.309440715627455,38.28817378484767
USGS_SOIL_00429,27.80960839426254,-76.09398702511004,5,6.629215824569562,157.4953423720228,15.992820937972363,196.00120306665056,19.309863894520994,6.399907863880476,35.7805180995889,766.5742534489061,7375.732655336948,6.846611718453293,27.694330365212373,54.03163683722962,35.05261343174202,24.76104948731015,23.84188216225057
USGS_SOIL_00430,28.43180036926806,-122.81654955178594,20,4.89179148202159,3.0752191487623914,29.741524443702016,6.334475622091279,4.46963674066339,14.813550116848836,2.090719246226199,58.072019144853094,289.96772066822393,7.4623484080352265,8.317375612059783,52.80660650187638,26.329773852783582,30.389546327947393,28.51846491732192
USGS_SOIL_00431,43.27625516121933,-89.82007716955887,10,2.1179742747580885,125.45044235442391,5.279679633149767,29.795313382459884,31.37395263916055,63.63945840875424,4.265028126264832,15.48919438242799,2967.381044541831,9.294751642416985,30.15013461780156,55.82636920516259,26.095908135783667,22.2553441660084,8.481155910826645
USGS_SOIL_00432,39.837233519590264,-111.42947860002552,5,7.154839706236501,2087.5727823556667,6.5568038535793995,128.0030731750198,2.827009858730556,119.39246411575094,8.734026736102138,1039.186089694792,442.2298648794507,8.617175648569251,21.665269351864495,34.591221687423065,49.687573094339584,25.509701956438157,18.320157948233746
USGS_SOIL_00433,27.426944226946965,-117.88655373914055,5,7.855902261629293,4.694007953070227,3.034214377278782,127.57045386911624,221.79624103097936,0.896884194330109,2.204406371630739,819.9527316120002,1342.6743438245776,4.820850173384588,25.699070364251746,25.982282017826407,39.39735481747104,24.87790178669364,31.928270126211043
USGS_SOIL_00434,27.01856334675994,-120.45976110387666,15,2.955601346687242,76.82046697337213,11.621318863662989,7670.095562799793,2.449458858282381,44.05312258243929,0.4887580694841761,433.86984525058125,1008.9134994046685,6.942975913755149,34.142055458259385,59.3838695375984,22.39399335574861,31.35251530686017,29.741885528464664
USGS_SOIL_00435,41.82325915501888,-83.91896222318975,15,4.985403942935093,16.58389560127286,3.412199331738119,9.281508757422964,69.79288914693855,59.41582503289642,2.679458086911946,567.1982358533186,7872.395177692803,7.645387771704707,7.51042964743092,72.26962792814761,35.70940993942198,4.403278618191738,6.404878585789357
USGS_SOIL_00436,26.746312152740643,-104.9473771376841,10,7.428731391507797,117.5186413922554,28.780317111373233,407.96381578580156,2.4000776433587534,27.12403780573994,15.414808944195373,69386.60741246757,3429.590718564459,5.224867922278806,32.03672068933368,34.604695664151556,31.18350065655177,25.337751514436228,24.13079922240356
USGS_SOIL_00437,44.724641422968546,-82.23876047980308,5,9.586243204567548,56.51273434243106,0.8362733564863902,2916.7527853593633,39.9457991000232,456.8215851718478,2.9913531628644217,451.5731128423171,637.332054939249,6.499710538847225,8.783080879622279,73.84161925342548,33.915511752600935,27.86988835122851,8.08973675389433
USGS_SOIL_00438,41.94981345175591,-121.1439758928624,5,6.531190561513112,17.20712536978498,7.103271775253119,13945.323399232842,924.6405332564882,95.5074384184175,1.623004138195596,1429.6522929079158,8570.48116721856,9.623139193738526,16.78876419910047,54.258665881045715,31.373413245651044,9.290210350915412,39.85497502123568
USGS_SOIL_00439,26.952370735405594,-106.39787006799399,15,5.407995588156298,131.39001486207596,19.137715256056005,66.10240653159705,118.75192179222499,472.6454047650588,13.610024970832825,251.12548905237077,533.4860974614217,9.436096626317548,30.543160889933432,49.89405643173755,41.89642645485236,12.914654527948672,36.40538059866532
USGS_SOIL_00440,27.036105138044604,-93.1700137498551,5,6.22565533834274,1405.0477930797063,16.050688959555753,396.57251235067986,16.7502005621,30.30373776140732,3.013403361109921,1035.7166303332767,4429.918867622917,6.856436344030797,32.18762710213605,44.03676955181333,33.45620344651446,13.193738010974773,5.737823114998793
USGS_SOIL_00441,48.67934988402821,-78.34733327450115,5,8.562314628722277,38.72065485685948,691.9754623593785,463.83120995532585,63.43872108601947,241.6425302841461,2.4297953206500695,465.2847051731289,1122.3580994147758,7.3720560303251474,20.191150206354358,29.23222970862505,29.379113017857126,14.169678428980934,35.052735261592076
USGS_SOIL_00442,33.98249909814689,-106.19360232700788,5,5.531053731313197,199.45014310848026,20.58782819511999,219.4146817004496,68.63667379246877,848.2025896510451,5.3620550561308296,359.32320498498683,1922.126685949472,7.25660469581036,22.823139148262754,64.815927738869,40.421905769830175,16.146263592515794,37.18003601954427
USGS_SOIL_00443,33.89541152960538,-88.07240879021646,15,5.301211990024619,5.323381255649474,2.701799695192508,121.79138201041143,142.0541827308263,473.92458643576674,11.301102095554542,10181.705376263266,5459.567742944178,7.133588348818073,26.244420037956715,38.36590457843595,32.33285041087872,21.94082250443953,17.374187789720928
USGS_SOIL_00444,44.507189614180064,-72.72731285406496,10,5.775884716726951,9.761191976694604,10.557152891369306,354.94071623190297,7.485940181622543,6.259780570289758,78.1051689253707,3888.494893008869,5573.281395129427,6.6604251187172085,29.982760053581426,38.30289986393599,31.214785793290577,26.925397209338957,30.182557926671805
USGS_SOIL_00445,47.73396585721261,-88.66407189724403,20,5.070007087611931,127.78271727193074,0.8484284694660542,0.9375434547866351,172.10549609062858,28.31475538374938,12.093683955713956,816.5759859545398,14829.339384708917,7.055901006495253,8.645335086129986,64.87889464830432,33.14022602486114,28.650535662148293,20.473631117272262
USGS_SOIL_00446,48.664025531748905,-111.25539098953561,10,6.684005473992193,789.5071194818074,10.795186885608594,580.6446664253052,0.880710236088838,24.01559786263388,18.025870204827434,20.982360238324343,2700.779085065847,6.794526500746205,29.30207924687683,21.7552482999241,29.063909766336334,13.297415510657746,27.933136960172043
USGS_SOIL_00447,43.081076446214595,-123.56035388816426,20,8.93701768770434,103.55511963571851,3.49179494363397,191.01573509007895,24.341548770821024,107.8410262074533,2.4420566197110167,387.02379043057414,4305.898197165536,5.266564579308204,19.438284515348503,27.1460328399775,30.09226992995469,13.242376010376137,16.9111091504367
USGS_SOIL_00448,34.03023005274198,-73.66416643984513,5,6.984618909674044,31.077856161832155,48.09053659365045,95.11153032737744,30.53158898529683,153.76668160209974,1.3086005357188697,38351.209570873456,1762.8995660148196,8.201074926130158,18.51870275324507,49.727986347378774,24.133054112381274,30.526574720129783,16.28957328216439
USGS_SOIL_00449,27.00401720076805,-123.74510475982716,10,6.121469746810568,54.52855610965299,5.342477988387226,8899.268767939062,183.70347738075841,9.874870401019512,4.829764069335424,470.599540575645,3708.518905872698,5.481668159115242,17.716992559909947,54.39926643507278,22.488327803761212,25.173951483349157,19.855186110015268
USGS_SOIL_00450,43.651525982258484,-73.39260131163223,20,6.062283096626684,5.750380800869131,10.225157715484082,38.47974359404535,69.1452499849595,50.506867899811304,5.096754162091357,3480.1349755031647,5051.210808602093,4.39398290479267,20.27634755738128,57.271019719533854,20.014296135175606,20.66291873495197,10.09487155283754
USGS_SOIL_00451,38.40170199365932,-93.79270909239449,15,4.155213786955015,162.08608572216895,4.695775326980989,66.27733754024807,7.036417155378589,1.1783684381013066,1.2284886946375102,5784.363472718326,2649.2402587251395,8.498454084411422,33.35151660183811,45.47302259905621,16.08016713202924,23.78669340443974,34.08986375523839
USGS_SOIL_00452,35.18132822192743,-69.59500578773913,15,7.824664665720738,267.25399869843807,165.38515522069832,7967.34509831077,13.790928193216073,599.1434251526334,3.6315028254936643,923.7540659144811,342.2356103740311,7.882976697609916,21.44611318376455,87.95554502962534,21.202826386154435,19.761569745188474,17.20442633765728
USGS_SOIL_00453,46.752505242273664,-77.87178908935374,10,6.383244204480797,24.19721153991848,7.5242854613429175,28.103029735613447,91.64184726938085,17.77381606610251,7.236814490414851,188.15527488897968,4437.13898773283,4.860677013696242,33.59532614789418,46.58161161851249,28.257329655330743,24.19667746438092,19.00523438670458
USGS_SOIL_00454,27.668739575347633,-66.1218874785331,10,6.229280129614062,23.427818335432338,190.3444956125802,49.39105989975151,58.76181581259602,49.429879608499235,6.906562689644476,17.23653919484596,4616.8769600649,8.300708048065335,10.408703918469218,46.53820771845917,31.03117582445637,17.311466427954077,36.291911444575064
USGS_SOIL_00455,36.82300250298062,-104.30800288834911,5,11.289661351767291,88.10954002250944,41.3150831681807,110.60321453065063,26.400987759444252,25.600977000043574,8.208296606632311,1856.122313627046,1317.896031456689,8.695018105013872,26.724079364978994,38.04519996779184,27.287034368523596,22.150439475513846,22.381833492210998
USGS_SOIL_00456,25.272487474418057,-79.73589095306352,10,6.94812936254853,24.8760246741506,25.105830023090324,797.4897359221301,30.89721148973283,351.72500519176697,6.354464750573871,195.95126801987817,638.2535107621103,3.315925267376647,29.367186158262417,51.858602247816066,6.442965098726422,7.91563159704403,24.048886827280203
USGS_SOIL_00457,36.247855407859035,-101.28607609705472,5,5.372313424857223,48.47078734416762,21.18089764442926,224.88856541692496,203.13459633325598,0.2704923141709686,2.4390036332399094,866.295156474315,17519.239930811353,6.766262294255498,25.373864940045856,59.22441848070162,45.745863577623425,14.497725641396553,38.47743436719845
USGS_SOIL_00458,26.351278616364098,-96.68733840206937,5,5.860463605691685,2391.077118265638,21.992378187831566,11.186965497451038,29.127766176970734,43.38446309520103,2.418915376136104,102.03026557716504,5376.186716401111,5.922887129571828,23.207668406796213,68.0536708180019,40.864801228903815,14.583910585677252,36.03542341007462
USGS_SOIL_00459,27.851629990433725,-87.97717767011616,15,8.222668563795132,35.00019870143676,0.6760360546918929,51.19607524548256,57.919493866902634,36.94854379630735,1.0631735202604005,446.8145757918693,2264.4852805661353,7.618088814965823,21.944383432585468,27.66073603339673,34.45759851217129,17.004879734344687,10.931334811095383
USGS_SOIL_00460,27.820629922650518,-73.45305026300602,15,6.6699056158066465,28.645252607082366,8.017886903328003,44.04849268735814,2147.1540378540444,19.75594586184982,38.15779443260881,699.6488612155047,761.7059129814329,8.288450735762977,30.827914477360878,46.31006992466449,49.074906725532685,12.587893961762015,21.562526047133677
USGS_SOIL_00461,40.581047250785524,-66.93907531724159,20,4.34258303252395,17.020606377431033,43.28200487290647,127.17421391405254,6.835350718382799,999.4526530110467,4.5546124171068145,995.1469070798181,1111.8962898017937,7.638118465489462,29.649397914935,56.700554162137166,20.226358825162894,15.731650993415347,38.99536795999909
USGS_SOIL_00462,42.90507710237016,-79.67186858199344,15,7.878843401862805,208.4179729452003,11.320941319932054,347.8207696151959,3.445440040777923,9.050382066012038,3.421832865307339,124.931641407041,14230.01117140221,6.006623510098555,8.668661635417987,58.80586301891803,48.87625120626005,7.884687500815035,18.032820438001096
USGS_SOIL_00463,39.00085036233183,-100.35175985212732,15,5.497783871691509,39.40120849153222,1.4802562723726658,342.54790336989265,233.6311205650377,179.33097467265026,1.4702750648873344,4005.2706015177787,3516.4046102306947,8.68544938628346,30.457629710926344,50.09822986706809,20.34785923249452,24.3896038111592,18.005058798067004
USGS_SOIL_00464,48.092141163389,-100.13993686565286,10,9.309946664326318,16.964595097533557,11.261539363228728,4.254496790388204,22.514760175457674,84.88140268458999,151.83425265072697,271.68894379278817,1539.6270944110538,7.861361231903463,17.422058583213275,58.13635954298152,32.38737925291357,19.339891848708845,11.826058112620402
USGS_SOIL_00465,33.99689390856889,-81.4826442062554,15,8.120072098571972,588.953514679527,156.98625823990736,1246.2346137001393,40.077695419573416,432.99866920314787,1.2361557486512624,53.96284797498646,5495.182495452475,5.9934457704719915,12.610904899874324,37.865541606113,17.261626748657957,6.358339137791866,9.001308994169381
USGS_SOIL_00466,31.857090070764656,-110.91214839967016,20,5.829017156511873,702.9497487647524,79.07031922356994,245.95231901246206,19.10881591874901,13.451083324818672,2.6788363146454777,564.7961502661562,1121.8362997806694,8.732273245570461,31.093057040417776,73.36858148477535,30.146940955443668,13.321360715626614,30.91066767645936
USGS_SOIL_00467,45.846379076547045,-118.48202732524771,10,8.421524542602668,18.52715662981826,11.100542554981864,2366.2556616486254,44.00572657018591,11.949100237111642,7.381701765366148,700.33792148611,18051.997750532526,8.728737486292221,17.96074398901225,64.88942154469144,33.861664979983885,22.692811420497335,31.951066404553078
USGS_SOIL_00468,30.366300124466864,-104.07729269919419,20,6.601783265791105,1.8969134923189688,50.76331335246489,360.82629115240854,860.6268158098407,321.4769459914122,9.209684181859654,846.3086687643379,15113.756610568496,3.472726935980492,29.2509407053045,29.826083194022416,28.453096688654455,15.655824428913682,38.915453722604994
USGS_SOIL_00469,48.11734094657467,-108.05289949240918,15,7.77916051268333,334.7970882875749,7.030370938072133,1342.9794777043512,240.6649058509102,96.1181683668362,14.147224638912775,5131.732526063477,1702.9394319985379,8.936645763050603,12.902108358675335,33.873454278248666,37.13877444090137,14.424468318895226,32.069637381687706
USGS_SOIL_00470,25.291707392555594,-107.51782089309658,20,7.227099225941712,15.921434985463785,0.9457212829537467,377.318863935941,264.9543690828231,2.7707354101228825,39.21777976196982,466.5320611316929,1401.916774098079,7.203926838605536,5.117879642666534,34.296173748396406,30.990144494872574,19.40325858393539,13.517337291175956
USGS_SOIL_00471,48.27709184098334,-111.21714268805532,10,5.23046501751369,226.58634320668327,3.0443914160053276,2191.7410619232087,6.9173774095166785,16.93277298558127,8.226734752353622,555.8900725415015,128.7973400368597,2.886865467328859,19.86377578708833,60.16954956344793,24.775852716224907,22.74878028142573,6.4040802400980406
USGS_SOIL_00472,26.035837886813827,-122.51650181145465,5,5.534675251523807,1.5743037768765675,127.01855177543226,421.787347873112,10.571418817879486,89.61195854028537,1.262082380900989,127.13168361768051,503.76156667481325,6.417691149949354,8.006847699286528,30.729083503737993,24.331866821976607,8.509180343686715,39.49030845293811
USGS_SOIL_00473,46.3874347287537,-123.94543785072858,20,8.044941226371742,272.23759851243216,8.07691810606353,122.0181137550465,0.7099747626253151,201.9410046959393,3.2925615545825053,2277.492313900804,597.4294909420047,7.848864087214631,27.63127866574729,45.03463498687879,38.109137726156966,24.401027849743034,16.9157743440262
USGS_SOIL_00474,37.664826618071196,-66.72437900557414,20,5.997837001840189,6.17118283682293,8.456404057370131,13972.822066342369,18.26507353540968,13.162670413260575,6.48439711270081,876.9619423101273,3505.990687037481,8.347618305836805,13.28225408208231,56.82056594625162,23.462579701930323,13.597653747140987,15.919003985134726
USGS_SOIL_00475,48.83115510686321,-99.76138510958413,10,5.894527305137005,203.4408734116791,7.769786648116323,878.3755578099567,308.19265732449475,0.23559035132543954,53.61727172290782,354.23424702562824,2015.2923579906924,8.900938301162778,18.309369398104362,49.00751098180348,39.15402970484937,19.85657625400161,36.70843234122839
USGS_SOIL_00476,26.771117553649574,-102.32472781757878,10,5.0673161309759704,56.0190337907006,211.91916067039799,467.5418399806102,152.4923491372907,114.64056756188998,0.8374727324269259,38.205823811922166,593.2390367142501,6.247470451918544,7.611006952746627,53.88331273569059,42.22711792831931,19.716638874467925,25.478496449074512
USGS_SOIL_00477,38.2925028256317,-84.90081032110888,20,7.135398598390191,9.805162621565508,139.62194443158683,11.55815405792936,46.78575514166632,4.970014502442918,18.97442094854379,5805.83248769326,2127.287874561705,9.400987641006495,13.59977745341758,34.01295932976863,13.312861376538699,15.783471054081808,12.52049108471971
USGS_SOIL_00478,48.26326085485837,-112.12302061596121,15,9.593787378864718,26.241303442863465,339.73651122141024,11.283988399299906,64.34888109250565,1.1838716932233546,5.56166344045863,105.47564290430822,5466.558712177697,9.309344437405874,28.44470729775716,58.92281560095867,41.32926387301035,11.810722030954285,36.11836849506838
USGS_SOIL_00479,37.55434826008357,-68.9522901469367,20,4.898700628618591,187.7991841512275,9.596823750452694,266.5151164893404,22.148795856580467,0.273026432818999,12.24841624212482,273.98763727762747,5616.181254793117,8.13029221033624,9.547637357069583,40.80182161286005,50.60422698444699,17.71450761526189,39.767629926916015
USGS_SOIL_00480,40.105567315246304,-78.60564414948243,10,6.536329185009137,66.06307818000836,18.980966864665383,198.55028550700868,92.53752258596707,193.4783361567691,3.9653984428454483,1138.556791060363,305.0255864135495,8.894357468926126,24.414786833808723,45.130704884030884,32.52003761201929,33.00264247260156,8.033749640279076
USGS_SOIL_00481,41.697968535630814,-119.72475086357669,5,8.618330833123144,156.3259678731494,1.25236802087362,43.45625804454251,227.10336066371718,56.34600888454829,1.6308165557788232,110.51630946944249,2555.7060971471483,4.117333663057849,32.52277558413503,53.56597591858979,35.99084185294822,9.106599756290953,35.17880699058705
USGS_SOIL_00482,35.90898555442656,-100.36273422868922,5,6.380537913131428,1915.2301020558032,111.65364664805851,196.75620006924757,5.025782384047091,29.779448701723844,11.034727390014286,70.79124484135718,566.7912485721449,8.621823356950847,25.39510279273161,51.54617332296272,40.370053243691586,33.538504152839,18.66804941895379
USGS_SOIL_00483,40.06139392201752,-73.13201985383228,15,,3.2686109179374414,2.113468999564466,3559.0675169239516,107.70933975879672,544.7047219939055,9.828803745748722,27.497047243637564,8796.194260869888,7.4767908820828115,29.330650678766805,50.35970028523389,27.245176848209777,17.92223063138774,23.34253562773465
USGS_SOIL_00484,39.02354348615441,-69.26081068480678,20,4.90640970777968,1003.2325694817569,16.863699372957704,596.336406998294,296.4551059132199,140.77803490251546,14.389062349202868,1961.5601477870753,7638.646445338816,6.918478111487837,8.269148879117473,38.74059767034866,31.822802235378695,20.282971336709114,37.018559151774326
USGS_SOIL_00485,46.62779225178373,-97.42331083625768,5,7.1424606458114726,65.88038093456811,2.349132729000677,15.149734097701545,34.32381875993272,820.029304569364,4.41070454533654,293.6006859003591,1014.7193273024237,7.485797627841438,12.521954780061634,45.50675883201212,16.858004703768906,11.306313508922182,39.0682718521291
USGS_SOIL_00486,26.090713128194988,-88.80872803656825,20,6.219283602493177,10.828577594636329,5.036441393065211,118.74547604359984,204.6131205747882,3.6439787580988874,2.181938216683482,53685.871145067766,1188.8547849182044,3.580273226496802,31.83616556721773,50.03275386255554,31.38635028530451,13.829844666580154,14.175736864307979
USGS_SOIL_00487,31.74311655021353,-115.14499718056756,10,7.978594993519795,4.9800278015912225,3.4698326093869243,29.66794109188786,6023.640628978203,42.0058492684499,0.6903584013285198,149.6751683458945,1713.819080127838,6.563657992312305,26.453168408542677,29.373721502493726,34.98111995644541,15.976722799695846,12.449776983596983
USGS_SOIL_00488,47.809875617837406,-66.52105105791838,5,8.281079077347126,38.845152591188125,4.894867019359949,68.34717064284546,56.43285538734855,2.434924926598532,11.980111762899536,166.97155438034693,199.66639050291,9.340882984135588,24.186614791319336,43.06200550529932,35.161630229264695,11.634440232976702,7.818079550702915
USGS_SOIL_00489,46.36633081338199,-111.33136961837684,15,10.38434546302792,286.85308951050934,5.426617139715217,64.89487602477483,125.12225258210182,29.580394758900695,7.453378197421999,284.83513652897017,4461.149771669034,3.575359865528619,24.913002083651,55.8151981854927,40.6542472359758,18.328656341033025,24.66292484317483
USGS_SOIL_00490,35.93576206685711,-69.3788253260276,10,7.369449759820363,43.39792302179122,5.352676989390645,57.0945596644112,20.473035239618316,28.573835693600806,1.4064388067883833,957.8603383191779,2148.6317955605473,8.715472227783906,17.426016629139305,30.83845094231986,22.25197821864471,16.743872865545832,5.47615384077339
USGS_SOIL_00491,39.88318234723688,-86.67084770945027,15,6.98869447487325,828.8828865810596,42.5211188943656,12.058011044964204,89.12161165925397,138.08984818066028,2.3483468019125864,328.5519576638306,9549.175542133593,8.804251680530886,6.336698948529596,67.3487247739136,24.673932433265037,34.80624913948587,19.41644041634778
USGS_SOIL_00492,31.657148391547185,-89.14352910214731,10,6.791576452366004,4.006362642191309,2.322643113840793,114.97223184206314,139.27280003850134,48.5218875607633,2.559698365718569,1666.5290361090313,797.8406880186773,6.010260264829688,28.53324626212187,69.04419893899764,48.95507345991355,10.672206514556311,7.568440582820299
USGS_SOIL_00493,29.514907833370273,-94.75137785002599,5,5.970250560783968,53.42292141643209,16.95922850981107,48.365402140728435,91.08086555890984,137.29513089697753,0.7561002404693346,153.25717842887514,1418.0705543565593,8.200700956715718,25.361397086460617,31.322741360598716,28.496716262362902,20.8215241339887,19.18290240252669
USGS_SOIL_00494,36.12876171855957,-111.39048110865224,15,7.007725765192537,5.729864024872791,75.71215597463477,0.42362892661966756,13.046077168517483,158.5693821250377,1.6799787156413988,83.73126316770046,488.90573031728275,6.7235501460936185,19.18413392338174,70.36429449575209,32.00033787312328,21.982770255214596,6.397626624296324
USGS_SOIL_00495,33.48045347262527,-114.584846111675,15,6.056897884791455,105.06060653405109,5.641812918049648,9008.681919013527,92.77515096119623,2162.178634177038,1.1495879477139097,44.82104980935221,893.2364467342644,5.898333784403407,31.992788461047724,47.84627616931798,29.32989958274779,11.4374356107853,34.232604121306906
USGS_SOIL_00496,39.00774668442093,-111.99131366485966,10,6.752691464404421,269.4538956811952,4.150055318358046,1309.681567540242,691.9498638770355,25.342074052175704,2.7319760787835743,23.68018797444259,721.7087071031466,7.433887211505383,15.084789949552967,56.27771838735582,21.783191736949775,25.494619963622707,12.340864787849807
USGS_SOIL_00497,26.865631287159637,-114.00014253348898,15,8.476396303411939,25.600932366126063,8.621103237108956,69.92327364732026,136.7038932021775,8.216621696808138,1.8470005555544518,305.78935140143966,9849.425569178995,6.2295067361331675,13.829652326937078,42.5502342180763,46.23529210891806,16.813383896946974,16.49080486252692
USGS_SOIL_00498,48.385475383987995,-79.00451605956155,10,4.990186152080538,0.5027888683007721,71.49216137284913,154.10560273945427,310.8092880926499,69.61294264319136,0.6360959227757229,423.48984345598853,1289.5979492100278,7.118411286227072,31.183889752383283,63.84567240840143,24.722985880793942,0.06088278733546204,35.45167988122371
USGS_SOIL_00499,48.66905786751047,-104.34260970916293,10,8.209817841693567,78.10910756800126,16.299940319571572,14.249065211427622,45.63983218138596,10.547574741246983,50.759981413579204,257.970299163935,3459.9548598949714,8.46281426657235,28.909629642769563,56.09141028273001,18.7271447629307,25.27879689683652,31.119312146627177
USGS_SOIL_00500,41.75588113647388,-121.58728208275961,10,8.475672601009798,119.83662934983552,5.4913743330861,4409.187696288179,221.37107881380527,643.8909523939093,20.146868708499174,4294.57851523376,1887.6423875033909,7.181202266357927,20.44939431945034,37.78770115103595,25.492597226972485,11.06447292718109,12.666342657472047
USGS_SOIL_00501,37.86631279225889,-67.82294482169213,10,6.322897209513382,113.03873628257656,25.174082090351316,6598.366448301045,104.25382400887287,26.848434930753758,1.759758694365358,4196.664467789835,649.7850921667575,6.976706693789906,8.922042183735499,32.52197000052067,9.982939982744664,11.617800430887208,7.516479653012362
USGS_SOIL_00502,32.42866279087187,-72.85663278715788,5,3.317217651487108,504.9240112999661,2.3316164333055314,203.03684326561603,14.56385584896838,16.150686198331694,6.214626806804648,402.5404218743766,2435.821845670175,6.518247727252209,11.452144143951575,28.09546347186166,23.48712535016818,25.503216663139185,30.048582189936884
USGS_SOIL_00503,44.531080472966764,-70.26261529148243,10,,7.941509548378043,33.8533941846211,1149.4757965753,111.01147870008616,19.137154397939984,7.396139003658188,45.11064863195916,6117.593004566928,5.492356627164979,24.6868397122642,52.81912664649135,20.318714021476733,17.2227081406524,18.67458927408383
USGS_SOIL_00504,41.4335481412931,-66.30043846386032,20,8.445491819841664,185.74764214401873,22.48640628577965,210.72912856133524,13.64380180786461,162.9024185357649,18.714582367677746,284.27507345855537,699.7259294005622,8.773585170798112,16.55123713521235,58.587071176696035,36.17428630927324,27.342177204412003,31.812799969137743
USGS_SOIL_00505,28.90280654427739,-114.74018029605026,15,6.465697906551677,467.0860595862429,7.677448714155242,10.242534740665157,24.225155098818263,33.651425918426426,1.678119746290226,270.4988668340179,7870.96025733713,8.3658440065225,30.094195749979136,59.764485181691626,23.265857604401276,29.68132876292255,20.585317033132362
USGS_SOIL_00506,46.86225242785222,-101.62172088474313,20,5.001046651557633,2.2222992292686787,3.462951646152997,65.1279151904393,90.28084319372049,14.083441192788884,16.618692910864816,248.21555860987064,1075.2784112361257,8.351591693856683,33.49865027996613,48.230283580889335,38.87803935578849,14.840572317421618,17.110084454029675
USGS_SOIL_00507,44.740893830156054,-80.26392993345861,5,5.742837618157674,97.06426516994905,3.2219237420265885,193.22511990600012,107.29594282459276,895.7250049262685,2.322196801731142,233.55594560579345,1669.733461386563,6.385419531318708,29.16910775824755,32.64505316503454,43.98483993069321,26.346099967640246,20.792189287433878
USGS_SOIL_00508,47.79519791900618,-83.93478353482627,20,7.760930039756829,22.031567344236244,27.17305900014969,59.793954618674704,9.946572862175938,9.572498874652537,0.9020955033288607,249.5865269350539,5635.379367383223,7.303398932648273,16.326362689866713,39.768878029643254,37.81175336287599,13.956313588856945,31.199564498473684
USGS_SOIL_00509,42.41726820132064,-115.92014152594855,15,7.3201003523020685,47.146472337739134,76.97423486637788,95.841275711996,360.0983663156279,47.65649528818888,10.686314147818038,372.48157598496533,1344.6332944584417,9.45835087876823,28.660592876942722,67.28522958442889,27.846117111399234,37.86492733705741,36.577710028913096
USGS_SOIL_00510,39.721964702458955,-76.86584562555356,20,6.141601851245459,102.086211835855,4.683465744021617,123.6185834157111,166.5357573597894,144.6259960914242,21.092343534079752,256.38708461890826,3118.445224767208,7.8769390283626075,15.543250204120504,42.73057153099878,31.41114496705593,14.456343963750278,6.7418518806001435
USGS_SOIL_00511,35.03783287097485,-111.75800626163702,5,5.949763382277968,22.714161499979546,24.22972185328223,126.24734071235065,21.594410391340443,2.3716758174650283,100.03206336407108,909.1260586436626,2043.401306339837,7.74644719302151,10.013002632969016,52.151264460222144,14.750150598559404,28.208699527680032,23.34390394294343
USGS_SOIL_00512,47.385483600496315,-111.79476072546524,10,5.912362776434267,16.17918367291193,0.5323039980672559,164.76446693927903,5.696570491919443,106.10921591845548,1.0621866725386762,1142.0190528773414,3481.5804015125645,8.591714536731178,6.001796145975722,33.86524274637669,28.662206274787604,26.750320207052603,6.149240017935716
USGS_SOIL_00513,45.7855333480098,-93.3185090492886,20,5.116384723252246,,5.068644394366084,17.79272858199174,52.88674146242634,6.691286677583424,10.367787276607789,169.70003342854181,171.24804711543166,8.136501646728444,16.5715013828306,55.04874568188552,21.395615319331668,22.52870257687147,21.394334075852555
USGS_SOIL_00514,26.085248082548546,-90.01654384433951,5,8.923063534204163,7.713386377719799,11.627949046180962,35.373668007070904,32.67107264588199,196.56811363123757,2.740768916379865,4476.5054565718465,331.7500492774799,7.838520622932736,32.10677911091845,43.134731574813834,36.94326381149299,14.635654708666536,35.984899018391516
USGS_SOIL_00515,25.632807387934047,-90.77491373756914,5,6.01651929618299,7.733138285679178,3.112651310819905,11.368330561296192,79.91988786788616,7.902887338187737,11.473390132366102,152.91872135113547,6242.65222585698,8.763876864370326,12.169597632670294,65.70069070663645,55.72752389244474,18.788820064468727,17.65565932471084
USGS_SOIL_00516,34.03512080507319,-119.60227659353247,15,8.325737781238244,185.4660616643566,2.9899014823579693,1049.040377811018,37.30074658567101,155.55264965882543,0.7675225172785255,58.750465669193154,10348.715521394512,8.493053732486262,11.19539494789352,61.6033655931022,34.998216359738095,2.771295096443584,37.63576473782251
USGS_SOIL_00517,44.45327993876399,-73.22980910480756,15,8.781974077883678,6.904481798181899,4.474213872283096,2.2005473311743,2.6860427741034183,327.1764145078338,0.9847930801041697,1177.5215262591353,999.6607343436502,8.917187599096872,34.09462355723121,42.5644108013765,10.088598510453334,21.795360307058004,27.07129650777133
USGS_SOIL_00518,48.694627103558666,-109.32959748726634,20,7.99746634722194,181.15671794469338,18.883510718226148,1490.9677528055713,35.824961488285815,210.73169700075653,1.7664117202787812,195.17328371122787,2224.2298000532437,7.944720023388677,5.750123385517764,48.10003958978505,26.38769807085627,22.79692264822708,37.69543703275522
USGS_SOIL_00519,28.610005386484676,-117.35861964431456,10,5.852569530922928,125.5450084237626,9.198187671216898,2374.871938837928,40.89506609061676,70.27175688611446,4.927130918238189,1077.0027237145737,4245.70474860408,5.085863871453916,28.57346451181263,41.73325639939057,31.224909253744546,21.06799535249097,31.50083188943819
USGS_SOIL_00520,39.25913716845125,-72.56386328773034,5,7.105595135504914,2.4437845632402095,0.42428628548211933,81.09642072346233,183.80173319013932,29.478415062358483,2.0765388227425157,18.0744095048973,6849.021826376878,8.423935911807535,14.64109867222611,28.708502051824855,30.873574252602637,-3.78644937034046,8.62023083270668
USGS_SOIL_00521,34.141380559144515,-68.61656160444454,20,6.463706590413626,16.125205806526367,0.506085207828966,0.8136099736525505,21.82116827881825,15.838517068602167,9.883485299849042,5370.5409189969805,261.5923233068019,7.890259448787687,6.12463870608978,37.13836355679175,22.69186874391247,9.874908439281512,13.090297864693698
USGS_SOIL_00522,48.27794554755047,-74.1344705813384,5,5.144447208904808,468.4348004906976,4.902288972144062,72.05133680071413,978.3617384819944,631.3513003210218,15.367786638980844,1823.3670749989958,1029.4209139221152,3.5279227173666565,32.53407620628751,52.9732599158123,32.45291742636935,14.0152721372107,18.795965910422716
USGS_SOIL_00523,45.21085415525701,-77.2385515912322,5,6.986538922582405,9.336225457453148,24.204289731365485,130.53373216994257,3.1310710012800835,12.691197002274912,9.202664387781471,70.05531724004328,2000.0045692813553,6.434562133413397,9.189269906287509,54.87889247344373,17.574991630806128,22.333271465512368,10.95374087042266
USGS_SOIL_00524,45.11988891306731,-86.34072314229772,10,4.731440313260296,23.666778834386687,0.19765004450121687,19.664275441839965,543.4121176790352,6.912152315009613,31.26643530197389,72.3730732828165,6931.061372649833,4.437068301117259,21.553378511770863,52.22821855388958,20.550912773149328,22.314711245143876,22.32190616718312
USGS_SOIL_00525,36.248635835079284,-92.49941513406078,10,8.281519082692345,125.42520538148563,5.756932240962881,52.96139290628933,46.57619839516859,148.06688288367343,7.381611353383448,8171.427164584195,59761.479715306814,7.208017760369863,13.221626222886433,45.47400419062046,36.45797641603711,18.638209664230565,21.49788544955217
USGS_SOIL_00526,34.95566805610396,-119.8677811652268,20,5.80307405405241,223.65460429188178,5.5324359466393265,3166.526097672941,263.83813648840885,10.664854981952661,1.0405234955254996,220.0665817214073,2267.409179008931,6.821033991720009,6.9557840655407315,63.99599908581478,19.843367691201742,25.081964292831653,38.46907193095834
USGS_SOIL_00527,31.561769726336948,-100.90126042882878,10,6.801739483809259,34.71701821222654,97.75913696771586,561.0748530976255,75.76847995923302,8.083991148183264,23.012828383510712,190.32301867163824,550.9406254128561,5.920399896686486,6.497674569901372,50.95312856841406,35.38211605492257,11.7900609975768,20.180475901359223
USGS_SOIL_00528,26.35301191962225,-103.01137749627347,10,6.924931807319213,18.624569493491023,6.837808478600716,23.356417161095923,412.9344475156087,3.3251418275301963,2.168016116311536,22.218424092711842,4830.5793739016535,5.1152007225241825,8.466700965090164,60.54880742143921,16.30536225343942,24.88188004555197,32.49693815007993
USGS_SOIL_00529,45.75333703012127,-109.67452675814076,20,6.111642539443884,706.4594119868982,21.638702139521737,6.0787656714831355,35.881464634446296,18.741911805405284,13.363167116367872,393.00907043793535,14547.79838564006,8.933497037936846,7.141010416681402,23.393373016962222,47.64825883791736,23.797936838719128,37.966869069801795
USGS_SOIL_00530,44.50962421912186,-82.31821329237349,10,7.380040702212912,1248.9011889116562,15.057643110103147,77.16649535085935,11.498393382219845,38.51751053501989,29.62092566986818,472.6809221880256,3393.4994198187446,5.4143477218181975,27.81674346559769,-8.836003774275135,22.257300775959454,23.020437862703282,35.69460908408949
USGS_SOIL_00531,48.993224158867136,-95.74333163035251,15,5.787644515066213,317.9660103600355,0.49865055471026637,96.84254781927753,647.2980542723562,69.23905692170432,7.752579392859828,1945.432594903183,1004.2755811597109,6.483424966254092,19.566986068502874,54.256820417571205,27.76333428196556,18.543676551314753,12.303366857905715
USGS_SOIL_00532,48.919284089773726,-120.21827326144877,5,7.806945946185866,63.66103351340811,38.56367707202607,400.37370550856576,55.61377745917917,247.7329223211716,0.7442408482288623,81.56354076096444,9410.606938192679,8.380505932276998,15.28676274046939,28.62851519417766,33.30613261090406,34.645950598650096,22.36104629887405
USGS_SOIL_00533,38.33036093446306,-112.00919108496113,5,4.481030479629878,12.744779044631978,16.828851391389026,50.874742120463914,95.05860135570917,115.40137425190184,1.48906052384825,68.00422337063051,6609.443523244701,8.761150244579568,17.551067303960217,46.81322445930416,24.346500474989057,23.945565507919028,17.1708923803574
USGS_SOIL_00534,43.45569796433225,-84.68773294408385,5,6.689569369319618,12.246008757637204,26.112208393658232,412.8148348770251,480.87293291478966,31.703592571855328,21.91767437153595,1308.2477850200196,870.1825236692717,8.532403345370476,32.8684020671787,45.46854438463092,31.434059610713046,12.253313093971528,18.995054329802542
USGS_SOIL_00535,47.67437751717827,-120.5082792900723,5,9.408393498587428,139.84370267256662,4399.985654915194,7117.47338749139,12.792660559058412,31.28841128544343,3.658498353260763,3011.20348531406,4711.2603480829075,9.487248402885808,32.32255438214442,73.81100903623306,35.75356724520125,21.986443805887873,17.62823891860129
USGS_SOIL_00536,45.39153737625787,-74.77879207112264,20,4.999503013091638,115.94509934905003,0.5346358547016391,758.2415821977407,172.9124567756635,111.9758747469621,4.930735876523526,63.00861564576159,9864.706646232029,4.504066422768566,26.470294403677308,55.999948294154095,39.60613232503485,26.01986701659375,33.922572356125144
USGS_SOIL_00537,30.936354441836745,-95.78635490617552,5,5.483382544212723,680.5337844054116,161.9107042036567,134.80415013264596,25.949916442366558,441.6979569959976,11.140524315293058,3368.662732961915,12311.241303173076,8.307656822668305,31.54047132265063,52.487885401980094,37.91497435972957,15.295131208605524,20.824866929285662
USGS_SOIL_00538,35.81305924744224,-96.64539193772777,5,7.270861774488372,176.05741555188436,7.915546372045927,102.89397178557861,53.9754347470659,56.112890261646044,10.335529593051474,703.6722981687327,2752.4899837583034,3.6019328287207153,14.589440827628744,62.55486731950511,28.28189536197326,28.71417797544879,23.329301628564085
USGS_SOIL_00539,28.09982596363588,-90.04794070508846,5,6.769372672909397,3.649008390440031,18.74624295498738,72.72271118092807,74.86199445706222,19.212564430313243,6.2623766828921115,3421.0678173253477,1939.7311589326732,7.075755320497623,16.433279780248483,55.52746380258558,28.533682259563978,23.056269645728086,39.38565749664761
USGS_SOIL_00540,47.89722465420934,-76.3438230104162,5,7.025945148910338,362.6744906147204,11.378568524161771,1573.8526740842644,6.047500351860838,7.484552261997517,3.488939962958725,598.6454128983007,13000.311354428404,8.794217749317504,23.411365455626843,43.134845105173504,53.49108558025033,1.2601732986772234,7.099274526703075
USGS_SOIL_00541,39.54819122682112,-104.47925673377061,15,7.233780695221495,9.056573710095863,6.447197239791609,42.324795997301244,19.17985925829037,3.315573214445939,3.0795942925808033,15.128541477297828,697.7126881231934,5.683436439585019,23.708778418917927,66.0721389538184,39.49889068249292,22.39737581870341,22.078517392676208
USGS_SOIL_00542,30.487427332083104,-84.99704699901525,5,7.4520822028426545,27.353697467155357,5.182308470331907,162.4622095322982,579.2398426787972,148.30714237924872,12.546962323574265,529.5612992540105,5045.717532342964,8.517020100537554,19.450995140370228,33.35374808167589,20.781763436797863,16.751766764698278,32.09215974311407
USGS_SOIL_00543,41.12081642574056,-91.62181412424832,15,8.164549762934335,,19.970638170154455,164.41534271131957,275.3122482557897,126.51505874576544,8.7083595947845,3262.3912834879816,575.9195882182904,9.42235403952442,17.019735453138598,54.848707813003436,30.99988163765552,24.297438516333887,10.29066853658793
USGS_SOIL_00544,39.8350777709895,-109.24533206000415,20,7.1147279853927685,1982.6735320568337,1.251370630500165,54.403669975805975,60.326813684232334,126.37508439974323,3.291159713793274,174.05667618424926,10704.842912639831,5.027388941894165,34.58540934826085,26.786453087955334,26.648568612218074,27.553718722014516,26.403605811517085
USGS_SOIL_00545,33.59590523278817,-73.16083080504568,10,6.138113518072187,14733.12149032602,37.55733697557293,9.535950354843587,98.39574228105964,35.46027289838172,16.42056931700763,371.687165173647,2187.129825463197,7.6602588919351415,29.63370878353173,53.05915786273992,28.646657660768902,21.561296377134543,13.381267283706336
USGS_SOIL_00546,27.725382212791096,-77.95186472519124,5,7.508860551804097,162.73148423009482,6.525440057336886,283.14213269467257,41.646277588013845,562.55141964626,3.838797098186625,510.7088918852887,13660.993796397537,7.0690094274605775,18.049405936641357,52.894844626593944,17.70504842291912,33.32201787155756,35.35914396285986
USGS_SOIL_00547,41.11775669422719,-86.1513417551529,10,9.349822902342822,39.26156640533037,2.236463875334414,131.36662210137126,584.369458562838,18.701181613413166,1.6128541779324388,8.591120588773132,5375.9754071337775,9.808011234487294,26.818774317187053,75.14682442871994,25.88076765614047,18.570344923492033,16.448488289002775
USGS_SOIL_00548,37.48738482169104,-74.81567798343973,10,6.301049380426139,142.89501035195215,6.202675386989957,403.62286474653393,48.39690549037652,249.50641517193083,1.8026091827847115,8160.178829975724,686.8635971232826,6.706627049569765,13.086850797573785,26.52539159837331,48.115557731939134,24.998542584431,16.517198591531834
USGS_SOIL_00549,43.53564140165534,-73.82964214337166,20,5.038206042994037,269.8266637087069,80.29632269279682,51.0496856611539,96.63561392201063,41.690062415234536,1.3847380614254683,172.07604137864868,16474.24083502631,4.503540356679504,8.005079787119897,40.98669236219281,35.79076300875503,26.43954058909878,25.936785748126272
USGS_SOIL_00550,37.483924026687845,-83.20658437381294,10,8.160621003930459,30.65507641633983,5.457535801501366,1705.5494529982536,417.23442354936753,14.953847484923802,3.232022105070452,1420.2712432243745,19177.525388722122,8.223468851425823,15.57293076658222,62.340236398612156,5.0883859184854,19.221232248858136,11.424701784196806
USGS_SOIL_00551,45.452356007644966,-75.61621362654336,15,6.319428254069603,1382.129135019585,20.85680819990849,25.69900917295146,19.224886743067938,129.87267574566394,19.69705503585605,584.0276314161412,8593.348829653654,9.590650925290248,17.089184003701824,55.02975884595962,42.16723492497947,26.230194463822258,14.971102361607137
USGS_SOIL_00552,38.24576413058765,-83.84918376151226,10,3.240995680978946,82.6097214370804,4.069684941172192,4555.454421912377,807.5966151587205,93.4423822412378,1.7055468334800001,4387.121448637633,1195.230773901381,9.451630029903162,5.496113736820124,52.70457577006255,40.89629522909161,15.24261610270265,19.5821147541794
USGS_SOIL_00553,38.46251131684927,-84.87169446614227,10,7.771132515725633,133.74534218230332,37.973280774094505,4.5029240756653435,5.7618680963552675,84.99147579361546,5.6190966537653235,1223.0269649461623,2064.788863256006,5.322236980538343,29.443760049076882,35.65796445562191,26.407146956935833,16.61945264783025,17.377325209903862
USGS_SOIL_00554,46.03968646380028,-88.50192868530414,10,5.697007721069116,181.0301611729233,34.064698320322165,354.08610892803205,904.5407983429656,51.74362104418922,2.0380078472252197,467.60016979523493,3549.3247776049197,6.044261540339103,15.775802071675445,41.13772477862857,37.17263543783215,9.5000904773095,23.370702630195385
USGS_SOIL_00555,34.68358878909753,-80.58971826609917,5,6.364200076543759,116.61243315994291,194.98317054554363,384.0840331801781,36.73459909860758,41.7538829978958,3.2792972633876207,174.11697809300287,1281.1937260651566,4.292351233347605,22.41254497340441,68.67561512334885,21.406007891827993,21.931272930960375,25.98740504241382
USGS_SOIL_00556,28.216365482815377,-115.64229878770865,5,6.997970495853522,247.174088682806,9.361954490242429,30.23154344193137,45.226445965778396,3291.4042854237114,0.7319453294290793,2201.2398572418383,22715.797509536314,8.100570355994783,7.218895618128679,49.22736209369108,25.297442837336426,22.602013406834754,24.83336088125576
USGS_SOIL_00557,25.690784231520134,-73.02862520726322,15,6.7857495196686,17.974323444669135,33.21435649947646,346.8137442392093,3.241329956907925,376.7801878685391,3.439596352160126,40.03836198193324,3544.639587909666,8.572635198663384,10.24990486251752,55.6303954421671,44.98546360669854,29.434105268633836,27.89589091971763
USGS_SOIL_00558,43.123294136166855,-73.56123186303131,15,7.564177725708559,19.986495947901854,14.11306987189367,1917.9982432603642,32.211658498638464,164.2005277323565,3.5521517414989483,1752.564863863024,116.27782183791702,5.531275469754686,31.6908117598268,48.272175068352816,27.282699601302916,26.32912003484707,15.771233081273708
USGS_SOIL_00559,39.88742923248315,-123.27441030096101,5,5.846770444145235,7.53623243927281,85.0983522429656,1.7618463493363747,12.63296352237993,54.66581090004551,8.570666773935308,127.92355675528968,4479.322002853746,8.983159335425082,23.260625836484024,32.25371727125352,11.302683380450091,17.721635546820536,9.424917950425982
USGS_SOIL_00560,41.89791443438136,-76.27681171667899,15,7.269658697264124,,4.144372618833075,405.6495522196633,25.223241403635267,273.93283841645604,5.858754837288694,4352.151036166034,1962.9645280129425,7.792454690864524,33.508521505114565,64.00715639112495,29.366967772186634,10.574562501325785,31.6282639500877
USGS_SOIL_00561,30.11113987621386,-117.39667781906674,5,6.110679983624125,221.8686868790071,37.24463729832377,1.0135493307082444,53.533223156131555,113.56673043502684,1.0638872848936043,847.2106067620363,2724.630584694614,8.69576749571521,34.96250103173951,57.548485767987444,29.21411607085643,23.462803220159792,34.77731339207387
USGS_SOIL_00562,28.272915414082476,-105.22798759871063,20,7.608215721331255,124.46084383323738,9.097085211862113,21.513279442455175,308.72983780581615,46.86019315327006,16.46172341276779,1747.9267525730315,1915.3521232018181,5.7586149013914785,16.155803459992832,84.58455256050783,41.9836856937346,28.886025379317136,13.995218127785128
USGS_SOIL_00563,25.349071976029165,-81.13301287879514,10,7.42305122601958,1112.1900628400267,11.064233895153409,3859.6536474838276,92.95963458773095,25.882943885141106,5.768220620319798,752.1856893061071,7851.467216939029,5.364159641413384,13.964091922498238,34.766279305241824,30.1433642217576,26.041479790431545,19.24821846553069
USGS_SOIL_00564,33.41410141135833,-115.51516613314982,10,5.096841946933107,54.050952478708346,13.980013838346043,46.35994968757495,109.10193682615261,38.642348721200555,5.686370781275131,48.01120193318392,11425.755428855013,7.874475970335074,30.7506816547729,62.33859381800721,25.784176885597073,28.6758201988583,22.449922593724434
USGS_SOIL_00565,39.158024484511195,-76.73994557697533,15,8.128973174262548,181.95055604156966,17.785092290865702,14.185780237895276,11.555586247636596,0.14856000554978369,4.4325772013989555,182.89390944182034,4186.681920212848,8.69714961714991,34.95834281112363,30.32684050944498,40.45056145231206,18.30488375041406,23.666439496352773
USGS_SOIL_00566,34.41385708239358,-75.90408350049323,5,5.696054832328928,7.651780936868389,10.233395443633501,99.89549025376911,16.293943211389543,65.30584294319821,2.407746055806557,1823.6294661087106,1983.913276472813,7.072570295408954,23.88923702697372,52.360198515096165,31.2079023250111,16.267048254594837,28.082155988067814
USGS_SOIL_00567,35.499398128569496,-95.05940370811066,5,7.712086697421718,27.20009689321282,16.811610934690368,9281.817671064968,1185.547567786341,18.555069790844776,5.820364028842974,854.0448637209076,2836.6962286592457,9.314640913807278,28.85422167534567,64.64759883594746,22.49977318434283,14.104789182145609,6.456113167436247
USGS_SOIL_00568,46.699808667849965,-124.62323356870682,15,7.050930970102011,190.94166520426415,129.95355096550367,3.8062159460594227,20.566804507716874,785.8814836573597,7.930420994792283,3910.7515936959817,3051.899735782813,8.552404760846983,28.452375764458235,18.917973258552696,41.54997560541618,19.552828267091236,30.251697895690594
USGS_SOIL_00569,33.35813120855921,-108.06475014268014,5,9.257275515192685,251.73672500330343,53.41942951703106,18.126594634791626,943.8178606396175,46.285064472364596,0.5508598655812568,1217.9347124260883,1138.0641138535864,9.139840910182208,15.66019124658641,46.92601288637588,31.936617645167992,19.371273632249444,7.16898524427936
USGS_SOIL_00570,37.335747739835455,-88.60131181583121,20,6.1648010264422215,32.164375662229034,44.86831600474832,2965.6851570112244,45.200225772413624,5.258605328069043,2.3478194298214494,156.01422109281387,5971.266800621037,9.636117310188885,22.228111407712618,41.551853989360694,30.029259666794378,21.65342102831293,21.390099868550376
USGS_SOIL_00571,43.807672305787435,-67.110015496382,10,5.9760248058227035,47.996176268193665,6.1514677443627965,6096.101131704826,66.9308969160022,40.86262056576292,3.300465884125721,201.5230553433898,5177.361220850973,8.97659063812464,29.991708237926407,39.470640525573174,31.779083914116544,18.965620343715937,33.9684897449218
USGS_SOIL_00572,34.517026775710484,-87.72300190601656,15,6.470870591168401,3.5531241402070255,3.2095757318954283,120.67941315010299,369.660218880687,6.800404168007615,6.094609712466263,776.1735063011679,18930.496796515974,8.002900867990055,25.643416287831663,55.77818978389031,19.29331628583403,18.93097816218583,20.79253596474387
USGS_SOIL_00573,39.93008080546896,-109.67158871721458,15,6.045230325748587,28.712926973350154,51.05741773353938,12.452166140266634,510.3148433282646,104.80833993807485,18.76462047281034,20.67517904813784,13445.76864093339,4.493320073938091,5.634914419461148,66.81028559633893,24.723462238216626,13.786447576222848,10.21814120688867
USGS_SOIL_00574,45.69672900992188,-87.59366351712293,5,7.699912852913075,271.1547508739332,45.334584175535646,9815.195290092459,55.85169663920642,75.4677381613383,1.7751963250692886,8185.854056235103,1309.224294087303,9.64008937152592,15.101170066926006,48.00081927156267,30.035826018327832,27.532952108411926,39.47618457520859
USGS_SOIL_00575,47.78849496778341,-93.14086259676452,15,4.075534087345118,153.75632268442413,110.94183041409167,3600.7044415080227,35.83091665235937,250.66348339897587,2.4656261311463807,1290.2871952663795,7977.322033998672,5.68070131414278,9.33427089783816,53.0822964134003,28.0533630497532,20.61214449794969,36.124991172599216
USGS_SOIL_00576,28.529763542296912,-78.98912168608253,20,4.919476371280469,134.45079537780438,4.923546287717219,577.0298368738542,60.978862172864794,10.766212682396144,2.422885214038359,4190.401767594322,952.276982317382,6.548290984651049,11.989166362341173,51.714631295888715,42.72428382816595,18.604448525717743,31.99597716287549
USGS_SOIL_00577,47.238103003875864,-118.68814230920945,5,4.89829561763121,59.715560834289356,8.63373338469594,29.229991903349745,114.51800335450363,47.52303653739971,1.7128641174379688,62.12162076336098,6871.368199944087,5.479279881028559,32.16468432473977,50.02705259534621,32.174058527270034,14.020565974006363,19.402906101472364
USGS_SOIL_00578,36.81079103390891,-80.09935375238035,5,7.925461387960364,55.296725065210964,1.041616419640669,134.55073210886033,277.57353775298543,3.830367563737644,2.954638197197269,4302.053477226182,1603.690735408733,6.894183590161296,6.106798667323044,33.659860434318404,38.54903922636402,9.344695116871312,11.434600441125422
USGS_SOIL_00579,31.197865319175,-93.0652718581095,5,9.065920058872887,16.633553474602017,6.761828495019684,107.69248859060852,67.13917974480452,158.01510148277436,11.301807446956271,18906.260064335933,873.1401941993836,5.9380530224611325,11.594021358857713,66.6266690258434,30.093953545758495,30.46371354039475,37.94939134964754
USGS_SOIL_00580,36.01925814971827,-68.18347177231931,5,6.343326172193793,192.0760056325893,54.31800554846517,287.6379609263649,179.50769513405368,113.74602643623662,1.2654115504115029,91.71468121459554,4171.597818211335,7.62215585954769,14.287080567146944,54.42793052238254,40.562884837461226,24.437109665054457,23.632289428099867
USGS_SOIL_00581,48.520781806851446,-104.82954220371752,20,6.246767415214984,116.48369427449265,6.0512020070363395,2702.690064723247,917.2458800874227,109.12009207052719,7.488565627503418,2115.6189413981815,120.36387498676173,8.504108760319095,23.506522158991846,55.923222350038664,33.97527756573154,7.0086572594402625,34.832441113561984
USGS_SOIL_00582,36.822834255828866,-87.67530830509706,5,6.605078244669772,132.37435433794096,31.839883205523908,861.6370120572988,122.74332417103388,44.83164521386285,0.58141954399376,666.2499610582787,364.61037245939656,7.5115316856164025,21.023050702575965,37.902355564616265,30.1342048538846,26.105138405677256,16.973325201579904
USGS_SOIL_00583,32.890038646900194,-70.01034177490897,15,8.242817453912286,21.181693260952812,9.154497979901981,17.205822535329016,109.79824766442042,94.3103748701717,2.2850648490446783,65.58514536016611,2409.1029552860537,5.946315448028936,11.548084485601583,43.11169403016139,29.867169110409804,27.379849361864874,16.73509109778147
USGS_SOIL_00584,40.20162050360142,-118.95192604854992,20,5.108970298714139,1.1319963373641957,19.807992984604958,2328.5310568474656,5.869342866898275,802.5630307861053,3.018055771322657,1393.1546092886324,3290.9452744768028,8.881333099206083,9.927232016694633,47.35798703433832,20.455613737090367,20.995008978407437,39.49391682359137
USGS_SOIL_00585,30.763494850676633,-69.7035192530494,10,6.857553474102177,393.41887389708216,2.178121733489618,277.62305602428455,0.9908736810454961,26.757915532430843,33.44263582061118,2322.5123942123187,1913.745270820101,8.986537218376736,12.103941037883565,26.98812959826723,35.069157201363105,32.78488716601407,23.26415669731974
USGS_SOIL_00586,26.820719874607935,-84.41474238425201,10,7.962796444673645,23.059840064326334,13.843477380559671,586.475909200438,124.13890829067252,57.37228406359939,3.222757096360536,269.9698189265281,447.94768074277096,4.5419726233817475,20.075888801049665,24.679485122034826,29.59795265463621,21.733757136983066,9.92433983512612
USGS_SOIL_00587,28.093113325855583,-120.99761351279486,15,7.251641254909768,11.553675653308327,0.1371467228738396,2788.005427340178,57.2988887477496,6.327926791842788,0.31934215393304416,3823.3213239851098,1117.1429743867275,7.807809200892875,13.135333571336103,40.988781040421486,24.980080398187955,8.665411776406481,12.68861372981476
USGS_SOIL_00588,28.07310013498654,-107.24314955013784,15,6.784372424898115,190.23535981814766,9.204161905158246,16.068157217727293,29.263696489643934,9.366413596347032,0.407112105396061,54.59022786036585,4766.898642644941,9.160215321759939,33.42807504823166,57.83781149663585,41.064617708120714,22.921352008386567,21.868049778745227
USGS_SOIL_00589,28.645664644295064,-83.21784676992839,20,8.001569138850712,26.960619065362867,1.05579087900422,138.15121451205673,98.45979839036924,53.306801321817865,4.668489181576915,70.65902054574623,5991.7459419315455,6.68034123213364,18.915956642865424,40.202939151050884,17.49783974105199,21.959178413701835,6.486481867094397
USGS_SOIL_00590,28.33185214358584,-121.02631451334247,10,2.4451515605011442,367.9273467191339,74.36547398733768,51.26923667156763,60.54301071037602,326.0596643383334,9.360746363006305,816.393193250465,2923.48670181559,7.490202898448496,6.763880496339112,34.7179220361393,25.77504104567566,15.17362520977476,21.188689488240517
USGS_SOIL_00591,40.38099387527715,-90.65194284959988,10,7.516812979296361,165.77156219089917,39.099552782835566,6.451296699401969,405.2274040514492,28.182311133090153,7.032533529428282,690.9572237188847,11946.58254837578,7.68986827832609,26.877992175099003,37.779715201434946,40.27718748779533,24.5884706950194,19.662929472804464
USGS_SOIL_00592,29.365122025579474,-104.59289963977555,10,5.5188864753088644,186.87216655095395,24.53268899544309,296.90729594401614,76.53723766130231,29.23452129864345,5.479885063692269,227.04307731014183,4802.425722748352,6.764824474362749,14.865358646269689,43.16986365282031,33.15522940920253,6.658677870473104,32.276769286182045
USGS_SOIL_00593,33.29601479977272,-88.36598445171884,10,3.7540506547153147,4.670563460888522,119.28425482719203,22541.49480262608,20.18465664764967,21.49040507393596,18.078285411038618,2240.3595692598847,1215.6731256540322,7.811676476877288,24.604667961747428,44.69211555769844,29.521410723472428,27.924534619542314,17.422968757123463
USGS_SOIL_00594,46.522921837744285,-122.30122000506174,10,7.266803899287471,483.7165882277019,2.9347586516153985,3.742839361620954,325.1432915808103,17.071970942128985,2.3454810867360805,1474.8941025628837,2128.978435494995,8.02394943249713,13.38783111569696,82.48282178309836,32.510035431501464,12.975026371156378,39.38920665388598
USGS_SOIL_00595,36.37507936630894,-73.57932843700979,5,8.560487817744438,87.37864847757297,167.5102924555861,139.13417814321187,47.11494621483561,76.01636304046002,13.116784468462834,2409.582093836048,553.6654432891355,9.59145763906297,22.122312251999595,65.81930942730978,31.794141710488415,12.12043099906374,11.32694717553161
USGS_SOIL_00596,41.021385724504654,-67.56415081853359,15,6.293827228058462,28.086840284205085,49.317912234607334,534.3686038145527,154.8502767878833,3.0190319652015574,0.6322832138502561,552.9653531188468,2618.176105851089,7.8840177114240255,28.16457514422394,65.37161168422593,14.833374537140786,19.089401821540186,25.684533973884722
USGS_SOIL_00597,29.135676908839116,-67.83620653814421,5,7.929311820804408,70.67551858935504,8.543468468267049,189.83521441885236,31.06689771244095,448.40248719296176,1.5129518354224856,1642.3286167093056,11322.20072350529,9.566210096431114,32.84026225323662,67.52870546410072,26.507381146520384,23.46378342434908,8.139475395288912
USGS_SOIL_00598,29.6149364514081,-80.77054192716744,10,8.918417386982968,2.231728909405329,66.91547265751687,118.36154667189088,23.5771254924991,13.493928767544494,0.5125025082074773,340.8779670875132,6784.175871926433,6.159546843438955,12.833814332992311,35.01768695998926,46.16521654513749,21.31139250874744,30.68523943978937
USGS_SOIL_00599,25.980846790395493,-117.32491183229271,20,8.472371680376071,113.92895594515794,2.31766388299719,11.04046625398921,76.29971235005362,163.92783062215736,3.222590822173685,14482.959568285893,16033.10924785712,7.688981522195986,15.045708529969435,31.664530775191412,23.406758652228326,14.058726673820974,39.816379082169
